Codigo,Producto,Cod Barra,Rubro,Sub Rubro,Proveedor,Marca,Moneda,Costo,Porc. Utilidad,,,
J0000000000040,ABECEDARIO PARA ARMAR DE MADERA,908247,JUGUETERIA,DIDACTICOS,,SIN MARCA,PESOS,"5,700.00","120,00",,,
JUG5468700,ADORNO FLUORESCENTE EN CAJA GLOW SHOW 21020,908750,JUGUETERIA,ADORNO,,,PESOS,"2,200.00","120,00",,,
J0000000000038,AJEDREZ NUPRO JUEGO DE MESA 1020 220262,908245,JUGUETERIA,JUEGOS DE MESA,,NUPRO,PESOS,"8,373.00","120,00",,,
JUG21627,AJEDREZ SIMIL MADERA 1033 JUEGO DE MESA NUPRO,7798108221627,JUGUETERIA,JUEGOS DE MESA,,,PESOS,"11,850.00","120,00",,,
JU0001,ALAS DE MARIPOSA,908467,JUGUETERIA,DISFRAZ,,,PESOS,"2,500.00","120,00",,,
JUG23100,AMETRALLADORA 52317,908570,JUGUETERIA,ARMAS,,,PESOS,"3,100.00","120,00",,,
JUG7868,ANIMALES DE LA GRANJA BOLSA FARM SET FD15SF171,908826,JUGUETERIA,ANIMALES,,,PESOS,"4,950.00","120,00",,,
J0000000000082,ANIMALES DE LA GRANJA EN BOLSA X4U HAPPY ANIMAL WORLD BA-10565 / FARM SET 716C2,908284,JUGUETERIA,ANIMALES,,EDUCATIONAL,PESOS,"7,200.00","120,00",,,
JUG107899,ANIMALES DE LA GRANJA X6U FARM ANIMAL LYON TOYS,908515,JUGUETERIA,ANIMALES,,,PESOS,"6,200.00","120,00",,,
JUG59624,ANIMALES DE LA GRANJA X6U FARM WORLD ANIMALS 1615 59624 / MANYANIMALS FARM LINE P2604/6,908784,JUGUETERIA,ANIMALES,,,PESOS,"9,300.00","120,00",,,
JUG3223399,ANIMALES DE LA SELVA X 12 WILD ANIMAL CHT2728925,908631,JUGUETERIA,ANIMALES,,,PESOS,"8,500.00","120,00",,,
205041,ANIMALES DE LA SELVA X6U ANIMAL KINGDOM 2004,905468,JUGUETERIA,ANIMALES,,,PESOS,"6,800.00","120,00",,,
JUG87945,ANIMALES DINOSAUR WORLD ANIMAL MINI DINOSAURIO X 12 UNIDADES 17540,908845,JUGUETERIA,ANIMALES,,,PESOS,"6,200.00","120,00",,,
205576,ANIMALES FUNNY FARM SET DE GRANJA X 2 163226,905527,JUGUETERIA,ANIMALES,,,PESOS,"2,900.00","120,00",,,
JUG317128,ANTIPARRA BESTWAY +14 AÑOS (ADULTOS) 21097,908614,JUGUETERIA,VERANO,,BESTWAY,PESOS,"3,300.90","120,00",,CODIGO APLICADO,
JUG4879878,ANTIPARRA BESTWAY +3 A 6 AÑOS (INFANTIL) 21002,908707,JUGUETERIA,VERANO,,,PESOS,"2,000.00","120,00",,PRECIO ACTUALIZADO,
JUG705757,ANTIPARRA BESTWAY +7 A 14 AÑOS (INFANTIL/ADOLESCENTE) 21005 - 21048,908810,JUGUETERIA,VERANO,,BESTWAY,PESOS,"2,667.00","120,00",,AUMENTO UN 12% CON RESPECTO AL 2024,
VRNOSD20157,ANTIPARRA BL SD20157,909666,JUGUETERIA,VERANO,,,PESOS,"1,880.00","120,00",,,
JU02372,ANTIPARRA BL SD2258,908474,JUGUETERIA,VERANO,,,PESOS,980.00,"120,00",,,
JUG302240,ANTIPARRA SIRENITA 7525 - PRINCESAS 7523 - SPIDERMAN 7527,908584,JUGUETERIA,VERANO,,,PESOS,"6,500.00","120,00",,,
8881680746998,"WILD HORSE SERIES NO,044",908249,JUGUETERIA,,,BOERR,PESOS,"7,200.00","120,00",,,
J0000000000072,CASTILLOS DIDACTICOS APILABLES OLEK 75 ,7790000000751,JUGUETERIA,DIDACTICOS,,JUGAR,PESOS,"2,350.00","120,00",,,
J0000000000151,APILABLES ANILLOS DIDACTICOS 78 OLEK,7790000000782,JUGUETERIA,DIDACTICOS,,OLEK,PESOS,"1,850.00","120,00",,,
J0000000000014,APRENDIENDO INGLES – ART 315 IMPLAS,7797756003159,JUGUETERIA,DIDACTICOS,,IMPLAS,PESOS,"10,200.00","120,00",,,
JUG87999,ARCO Y FLECHA  BA-19825 AB-10614 PK3849,908848,JUGUETERIA,ARMAS,,,PESOS,"3,890.00","120,00",,,
J0000000000098,,908300,JUGUETERIA,ARMAS,,YURITI,PESOS,"1,360.00","120,00",,,
J0000000000096,ARMA 1020,908298,JUGUETERIA,ARMAS,,EL BRUJO,PESOS,"1,440.00","120,00",,,
J0000000000100,AMETRALLADORA ARMA 61299 52277,5487608387866,JUGUETERIA,ARMAS,,BECHAR,PESOS,"3,250.00","120,00",,,
J0000000000097,ARMA 864780,908299,JUGUETERIA,ARMAS,,COLORPEN,PESOS,"1,664.00","120,00",,,
J0000000000092,ARMA AET POLICIA HM951851,908294,JUGUETERIA,ARMAS,,DEERMAN,PESOS,"1,850.00","120,00",,,
J0000000000054,ARMA AMETRALLADORA MILITARY MK2928789,908258,JUGUETERIA,ARMAS,,ARVAL,PESOS,"1,860.00","120,00",,,
JUG97846545,ARMA AMETRALLADORA PP5981,908857,JUGUETERIA,ARMAS,,,PESOS,"2,320.00","120,00",,,
JUG359905,ARMA JOYA ANIMALITO SD11865Z SD15521 ZX,7990500155214,JUGUETERIA,ARMAS,,,PESOS,"6,400.00","120,00",,,
JUG359902,ARMA JOYA ANIMALITO SD15851,7990500158512,JUGUETERIA,ARMAS,,,PESOS,"3,200.00","120,00",,,
JUG307453,ARMA JOYA LOOK MANIA CAJA 12 DIVISIONES 2011 / 2013,908600,JUGUETERIA,ARMAS,,,PESOS,"6,350.00","120,00",,,
JUG6500001,ARMA JOYA TINY 52536,7450077127903,JUGUETERIA,ARMAS,,,PESOS,"1,090.00","120,00",,,
JUG6500000,ARMA JOYA TINY 53055,908789,JUGUETERIA,ARMAS,,,PESOS,"2,880.00","120,00",,,
J0000000000091,ARMA NL2020-34 10291,908293,JUGUETERIA,ARMAS,,DEERMAN,PESOS,"1,360.00","120,00",,,
J0000000000016,ARMANDO ORACIONES – ART 244,908223,JUGUETERIA,DIDACTICOS,,IMPLAS,PESOS,"2,720.00","120,00",,,
JUG312514,ARO DE BASQU,908609,JUGUETERIA,DEPORTES,,,PESOS,"10,100.00","120,00",,,
JUG311765,ARRASTRE AUTO JP0219 BABY DRIVER,7898632810103,JUGUETERIA,AUTO,,,PESOS,"7,100.00","120,00",,,
J0000000000078,ARRASTRE COCODRILO RIVA,7796784007030,JUGUETERIA,DIDACTICOS,,RIVAPLAST,PESOS,"11,908.00","120,00",,,
JU41145713,ARRASTRE DINO A CUERDA 51208,7796784007160,JUGUETERIA,DIDACTICOS,,RIVAPLAST,PESOS,"5,689.50","120,00",,,
JU02374,ARRASTRE MOZART TOYS 008 BALANCIN,908476,JUGUETERIA,DIDACTICOS,,,PESOS,"1,560.00","120,00",,,
JUG001,ARRASTRE NEW PLAST CARACOL 20131 20133  / DORITA 20133,7798025250311,JUGUETERIA,DIDACTICOS,,NEW PLAST,PESOS,"9,490.00","120,00",,,
J0000000000077,ARRASTRE SIMON 20131 20133 NEW PLAST,7798025250380,JUGUETERIA,DIDACTICOS,,NEW PLAST,PESOS,"9,490.00","120,00",,,
JUG45111,AUTO BURBUJA SUPER POWER CAR 50095,908674,JUGUETERIA,VEHICULOS,,,PESOS,"1,700.00","120,00",,,
J0000000000121,AUTO HOMBRE ARAÑA X 2 BL 54416,7453105004054,JUGUETERIA,VEHICULOS,,SIN MARCA,PESOS,"3,330.00","120,00",,,
J0000000000264,AUTO CARS GRANDE BOLSA ,908455,JUGUETERIA,VEHICULOS,,,PESOS,"3,250.00","120,00",,,
JUG2240000,AUTO COLECCION GO SPEED METAL 54646,908567,JUGUETERIA,AUTO,,,PESOS,"2,775.00","120,00",,,
J0000000000175,AUTO COLECCION METAL BL 200373,908368,JUGUETERIA,VEHICULOS,,,PESOS,"2,620.00","120,00",,,
J0000000000176,AUTO COLECCION WELLY 52020B,908369,JUGUETERIA,VEHICULOS,,,PESOS,944.00,"120,00",,,
JUG8672,AUTO COLECCION X6 UNIDADES EN VALIJA EXHIBIDORA A201042 8532,908836,JUGUETERIA,VEHICULOS,,,PESOS,"14,500.00","120,00",,,
J0000000000115,AUTO CON CONTROL SPEEDSTER 2020578,908317,JUGUETERIA,VEHICULOS,,,PESOS,"13,490.00","120,00",,,
JUG124154,AUTO CONTROL REMOTO FAST MODERN CAR 61728 50027,908533,JUGUETERIA,VEHICULOS,,,PESOS,"13,490.00","120,00",,,
JUG113,AUTO EN BLISTER X4 TOP RACE 258,908523,JUGUETERIA,VEHICULOS,,,PESOS,"2,480.00","120,00",,,
JUG16548,AUTO EN CAJA X5 EXPRESS SUPER POWER 2105,908548,JUGUETERIA,VEHICULOS,,,PESOS,800.00,"120,00",,,
JUG89787,AUTO EXPRESS X5 UNIDADES 2105,908853,JUGUETERIA,VEHICULOS,,,PESOS,880.00,"120,00",,,
J0000000000129,AUTO FORMULA UNO GRANDE F1 COD. 002,908331,JUGUETERIA,VEHICULOS,,JUGAR,PESOS,"2,024.00","120,00",,,
7798172020454,AUTO IRV TOYS CABRIOLET PARA MUÑECAS ART. 0096 PEQUITAS,908645,JUGUETERIA,AUTO,,IRV TOYS,PESOS,"10,980.00","120,00",,,
JU02366,AUTO JEEP BURBUJA SD15830,908469,JUGUETERIA,VEHICULOS,,,PESOS,"2,000.00","120,00",,,
JUG3543,AUTO MILITAR CHARIOT BURBUJA 52090,908639,JUGUETERIA,VEHICULOS,,,PESOS,"2,000.00","120,00",,,
JUG74687,AUTO MINI 64 JUGAR,7798121288164,JUGUETERIA,VEHICULOS,,,PESOS,790.00,"120,00",,,
J0000000000118,AUTO FORMULA UNO 1312 LUNI F1,7797076013128,JUGUETERIA,VEHICULOS,,IIM,PESOS,"2,500.00","120,00",,,
J0000000000117,AUTO SD22219,908319,JUGUETERIA,VEHICULOS,,BERKMA,PESOS,"1,424.00","120,00",,,
JUG111,AUTO SPEED CAR X24U 53657 14*11,908517,JUGUETERIA,VEHICULOS,,,PESOS,"4,592.00","120,00",,,
JUG1112,AUTO SPEED CAR X 15 PCS 53628 61928 ,7453077223095,JUGUETERIA,VEHICULOS,,,PESOS,"3,500.00","120,00",,,
JUG565,AUTO SPIDERMAN A FRICCION 53960,908770,JUGUETERIA,AUTO,,,PESOS,"1,960.00","120,00",,,
JUG5465,AUTO SUPER SPEED CAJA X 10UN SD8353,908745,JUGUETERIA,VEHICULOS,,,PESOS,"3,300.00","120,00",,,
JUG4547879,AUTO X3 HI SPEED 53177 14*11,908687,JUGUETERIA,VEHICULOS,,,PESOS,"2,848.00","120,00",,,
JUG1234,AUTOS EN BLISTER X4U / X5U CARTOON CAR - RACER,908531,JUGUETERIA,VEHICULOS,,,PESOS,"1,600.00","120,00",,,
JUG789522,AUTOS EN CAJA X4 UNIDADES FASHION SPORT CAR XL804B,908830,JUGUETERIA,VEHICULOS,,,PESOS,"1,248.00","120,00",,,
J0000000000203,AVION R/ CONTROL BL8888 ,9020241010096,JUGUETERIA,VEHICULOS,,,PESOS,"16,740.00","120,00",,,
7798104180140,AVION ART 100 MEGAPRICE,908291,JUGUETERIA,VEHICULOS,,MEGAPRICE,PESOS,"1,250.00","120,00",,,
JUG2541,AVION CARTOON PLANE 50276,908577,JUGUETERIA,VEHICULOS,,,PESOS,800.00,"120,00",,,
JUG5442220,AVION SKY KING HM931364 14*11,908725,JUGUETERIA,VEHICULOS,,,PESOS,992.00,"120,00",,,
JUG45588,AVIONES Y MOTOS FULL SPEED,908689,JUGUETERIA,VEHICULOS,,,PESOS,"1,248.00","120,00",,,
JUG322113,BALERO HM40123 742465,908627,JUGUETERIA,BALERO,,,PESOS,"3,200.00","120,00",,,
JUG878755456,"BARRILETE AVION 1,4MT ZZ-1116",908840,JUGUETERIA,BARRILETE,,,PESOS,"2,500.00","120,00",,,
JUG319270,"BARRILETE PERSONAJES 1,1MT",908623,JUGUETERIA,BARRILETE,,,PESOS,"1,960.00","120,00",,,
JUGZZ1113,BARRILETE PERSONAJES 80CM ZZ-1113,908865,JUGUETERIA,BARRILETE,,,PESOS,"1,350.00","120,00",,,
J0000000000008,BATALLA NAVAL NUPRO,7798108221245,JUGUETERIA,JUEGOS DE MESA,,NUPRO,PESOS,"8,875.00","120,00",,,
JUG24545,BAÑERA CON BEBE,908574,JUGUETERIA,BEBES,,,PESOS,"2,176.00","120,00",,,
JUG62251,BEBE NEGRA GABY MAGIKA 6501,908788,JUGUETERIA,BEBE,,,PESOS,"10,200.00","120,00",,,
JUG1235,BEBE PUPITA PELADITO 1011 - PUCHERITO 1008,908532,JUGUETERIA,BEBE,,,PESOS,"2,976.00","120,00",,,
J0000000000249,BEBES MELLIZOS MIMOSITOS ART 7003,908440,JUGUETERIA,BEBES,,,PESOS,"16,900.00","120,00",,,
J0000000000247,BEBOTE MI BEBE CON MAMADERA ART 220,908438,JUGUETERIA,BEBES,,,PESOS,"3,040.00","120,00",,,
J0000000000248,BEBOTE SUEÑOS DE BEBE ART 6600,908439,JUGUETERIA,BEBES,,,PESOS,"1,920.00","120,00",,,
JUG547J,BEY BLADE CC2014 - E03*24,908756,JUGUETERIA,TROMPO,,,PESOS,"2,000.00","120,00",,,
J0000000000034,BINGO LOTERIA 12 CARTONES NUMEROS PLASTICOS ECONOMICO,908241,JUGUETERIA,JUEGO DE MESA,,,PESOS,"2,000.00","120,00",,,
JUG5456210,BINGO BISONTE CON BOLILLERO METALICO 9925,908738,JUGUETERIA,JUEGOS DE MESA,,,PESOS,"33,335.00","120,00",,,
J0000000000265,BINGO LOTERIA FAMILIAR MADERA X24 CARTONES DA-NA,908456,JUGUETERIA,JUEGOS DE MESA,,HABANO,PESOS,"3,523.00","120,00",,,
J0000000000059,BINGO LOTERIA BISONTE ART. 1434 48 CARTONES,908263,JUGUETERIA,JUEGOS DE MESA,,BISONTE,PESOS,"10,122.00","120,00",,,
JUG80000,BINOCULARES ARMY COMBAT 50827 63372,908831,JUGUETERIA,BINOCULARES,,,PESOS,"2,290.00","120,00",,,
JUG74522,BLOQUES JUG.AR X 24 PIEZAS EN BOLSA  402,7798121284029,JUGUETERIA,BLOQUES,,,PESOS,"2,900.00","120,00",,,
J0000000000244,BLOQUES X 36 PIEZAS,908435,JUGUETERIA,BLOQUES,,,PESOS,"1,360.00","120,00",,,
JUG44565,BLOQUES DURAVIT X 36 PIEZAS EN BOLSA 664,7792435006643,JUGUETERIA,BLOQUES,REX,DURAVIT,PESOS,"4,152.50","120,00",,,
J0000000000145,DURAVIT PRIMERA INFANCIA APILABLE PIRAMIDE DE ANILLOS  653,7792435006537,JUGUETERIA,DIDACTICOS,REX,DURAVIT,PESOS,"4,700.00","120,00",,,
JUG021,BLOQUES RODAR BALDE X60 410,908503,JUGUETERIA,BLOQUES,,,PESOS,"10,897.00","120,00",,,
JUG5410,BLOQUES RODAR BALDE X96 411,7798121288065,JUGUETERIA,BLOQUES,,,PESOS,"13,260.00","120,00",,,
JUG1242,BOLITA CANICA BOLON X UNIDAD,908534,JUGUETERIA,BOLITA,,,PESOS,91.00,"120,00",,,
JUG12625,BOLITA X24 + BOLON MACAO,7796851818668,JUGUETERIA,BOLITA,,,PESOS,"1,400.90","120,00",,,
JUG1233,BOLITAS CANICA X50 X45,908530,JUGUETERIA,BOLITA,,,PESOS,"1,290.00","120,00",,,
JUG312518,BRACITOS INFLABLES 32005,908610,JUGUETERIA,VERANO,,,PESOS,"2,200.00","120,00",,,
JUG45478755,BRACITOS INFLABLES 46025 - 37622 - 6942 - 32042 - 32033,908686,JUGUETERIA,VERANO,,,PESOS,"3,600.00","120,00",,7920,
JUG1124555,BURBUJERO A PILA GATLING 2025 14*11,908522,JUGUETERIA,BURBUJERO,,,PESOS,"2,832.00","120,00",,,
JUG106545,BURBUJERO CAJA ELECTRIC BUBBLE GUN 53818 14*11,908514,JUGUETERIA,BURBUJERO,,,PESOS,"3,200.00","120,00",,,
J0000000000197,BURBUJERO COMUN,908389,JUGUETERIA,BURBUJERO,,,PESOS,760.00,"120,00",,,
JUG20003,JUEGO AGUA DINO HM50141 ,5022840033203,JUGUETERIA,BURBUJERO,,,PESOS,"1,520.00","120,00",,,
J0000000000259,JUEGO DE AGUA SIRENA HM50145,5022849780283,JUGUETERIA,BURBUJERO,,,PESOS,"1,450.00","120,00",,,
J0000000000074,CABALLO PALO CON RUEDITAS,908276,JUGUETERIA,CABALLO,,SIN MARCA,PESOS,"1,200.00","120,00",,,
J0000000000181,CAJA DE 5 AUTITOS Y 5 MOTOS,908374,JUGUETERIA,VEHICULOS,,,PESOS,"1,120.00","120,00",,,
J0000000000180,CAJA DE AUTITOS X4 XLC804B,908373,JUGUETERIA,VEHICULOS,,,PESOS,800.00,"120,00",,,
JUG54525,CAJA REGISTRADORA FROZEN 54525,908733,JUGUETERIA,CAJA REGISTRADORA,,,PESOS,"15,840.00","120,00",,,
JUG425,CAMARA FOTO C/LUZ Y SONIDO BABY TOY 51181,908665,JUGUETERIA,CAMARA,,,PESOS,"1,520.00","120,00",,,
J0000000000084,CAMION BABY TRUCK 0084,908286,JUGUETERIA,VEHICULOS,,IRV TOYS,PESOS,"3,800.00","120,00",,,
JUG45454121,CAMION BOMBERO PP5770,908679,JUGUETERIA,VEHICULOS,,,PESOS,"4,150.00","120,00",,,
JUG7100,CAMION BURBUJA HOT RACING PP5793,908811,JUGUETERIA,VEHICULOS,,,PESOS,"2,900.00","120,00",,,
J0000000000167,CAMION CISTERNA MEGAPRICE 114,908360,JUGUETERIA,VEHICULOS,REX,MEGAPRICE,PESOS,"2,624.00","120,00",,,
J0000000000120,CAMION CON TRAILER JUGAR 061,7798121287839,JUGUETERIA,VEHICULOS,,,PESOS,"2,995.90","120,00",,,
JUG319075,CAMION DURAVIT SET EN CAJA TRAILER Y RETRO EXCAVADORA 361,908620,JUGUETERIA,VEHICULOS,REX,DURAVIT,PESOS,"7,595.50","120,00",,,
JUG3554,CAMION MILITAR X5 UNIDADES MILITARYS COMBAT SD12991,908642,JUGUETERIA,VEHICULOS,,,PESOS,"2,400.00","120,00",,,
JUG7587,CAMION MOSQUITO BURBUJA NEW ENTER 50217 / 50218,908817,JUGUETERIA,VEHICULOS,,,PESOS,"2,800.00","120,00",,,
JUG5464,CAMION MOSQUITO BURBUJA SUPER KING 50223,908743,JUGUETERIA,VEHICULOS,,,PESOS,"1,760.00","120,00",,,
48411425,CAMION PUZZLE TRUCK 887-59,907796,JUGUETERIA,VEHICULOS,,,PESOS,"1,600.00","120,00",,,
J0000000000130,CAMION TRANSFORMER SD24786,7990500247865,JUGUETERIA,VEHICULOS,,SIN MARCA,PESOS,"10,290.00","120,00",,,
JUG56700,CAMION TRUCK EN BOLSA 500P,908773,JUGUETERIA,VEHICULOS,,,PESOS,"1,280.00","120,00",,,
J0000000000131,CAMION VOLQUETE 1138,908333,JUGUETERIA,VEHICULOS,,LUNA PLAST,PESOS,640.00,"120,00",,,
J0000000000179,CAMIONCITO BOMBERO B32 EN BLISTER,908372,JUGUETERIA,VEHICULOS,,,PESOS,640.00,"120,00",,,
J0000000000088,CAMIONCITO TUTU ST,908290,JUGUETERIA,VEHICULOS,,TUTU,PESOS,288.00,"120,00",,,
JUG1354546,CAMIONES A FRICCION X4 AB-11377 - E03*24,908538,JUGUETERIA,VEHICULOS,,,PESOS,"2,200.00","120,00",,,
J0000000000127,CAMIONETA A FRICCION BA-10006 / MAX SPEED EXTREME 60101 - E03*24,908329,JUGUETERIA,VEHICULOS,,GO SHOP,PESOS,"2,600.00","120,00",,,
JUG5754,CAMIONETA BIG POWER CAR 50098,908775,JUGUETERIA,VEHICULOS,,,PESOS,"1,120.00","120,00",,,
JUG546857,CAMIONETA BURBUJA SD3761ZX,908748,JUGUETERIA,VEHICULOS,,,PESOS,"2,658.00","120,00",,,
J0000000000122,CAMIONETA POLICIA HM10124,908324,JUGUETERIA,VEHICULOS,,,PESOS,"1,920.00","120,00",,,
JUG98798754,CAMIONETA SPEED BURBUJA SD3761,908862,JUGUETERIA,VEHICULOS,,,PESOS,"2,700.00","120,00",,,
J0000000000107,CANASTA CON FRUTAS Y VERDURAS 20 PIEZAS DURAVIT 506,7792435005066,JUGUETERIA,FRUTAS Y VERDURAS,REX,DURAVIT,PESOS,"6,355.90","120,00",,,
J0000000000108,CANASTA CON JUEGO DE TE Y COCINA 32 PIEZAS,908310,JUGUETERIA,JUEGO DE TE,,DURAVIT,PESOS,"2,160.00","120,00",,,
JUG396903,CANGREJO FRICCION SD21497,7990500214973,JUGUETERIA,DIDACTICOS,,,PESOS,"3,690.00","120,00",,,
BOL123,CANICA BOLON X 25 UNIDADES,908190,JUGUETERIA,BOLITA,,,PESOS,"1,940.00","120,00",,,
JUG60089,CARRUAJE CON LUZ Y SONIDO 22127 CARROZA CON MUSICA,908785,JUGUETERIA,CARRUAJE,,,PESOS,"22,060.00","120,00",,,
JUG1502,CARRUAJE CON MUÑECA MINI CARRIGE VOGUE 50508,908540,JUGUETERIA,CARRUAJE,,,PESOS,"1,472.00","120,00",,,
JUG200087,CASITA CON ACCESORIOS PRINCESS 52157,908556,JUGUETERIA,CASITA,,,PESOS,"2,000.00","120,00",,,
JUG420000,CASTILLO CON ACCESORIOS PRINCESS 50565 60260,908663,JUGUETERIA,CASTILLO,,,PESOS,"3,500.00","120,00",,,
JUG545000,CEBITAS EN BLISTER,908732,JUGUETERIA,ARMAS,FOB,,PESOS,"1,350.00","120,00",,,
JUG02067,CELULAR INFANTIL MOBILE PHONE,908502,JUGUETERIA,CELULAR,,,PESOS,720.00,"120,00",,,
JUG10542,CELULAR PERSONAJE EN BLISTER 833 - E03*24,908512,JUGUETERIA,CELULAR,,,PESOS,"2,100.00","120,00",,,
J0000000000230,CHIFLE ANIMALITO X5 SD17258,908421,JUGUETERIA,CHIFLE,,,PESOS,"6,600.00","120,00",,,
J0000000000226,CHIFLE SET X 4 PELOTAS SENSORIALES 5185,7798364131760,JUGUETERIA,CHIFLE,,,PESOS,"6,535.00","120,00",,,
JUG45478,CHIFLE FAMILIA RANA CON CRIA ART 12600,7798364130176,JUGUETERIA,CHIFLE,,,PESOS,"6,900.00","120,00",,,
J0000000000233,CHIFLE IRV AUTO 11480,7798364130237,JUGUETERIA,CHIFLE,,,PESOS,"2,507.00","120,00",,,
JUG154546,CHIFLE IRV HELICOPTERO 11120,7798364130091,JUGUETERIA,CHIFLE,,,PESOS,"2,507.00","120,00",,,
J0000000000229,CHIFLE VINYL TOYS PERSONAJE MARVEL,908420,JUGUETERIA,CHIFLE,,,PESOS,512.00,"120,00",,,
J0000000000232,CHIFLES IRV BALLENA 11720,7798364130220,JUGUETERIA,CHIFLES,,,PESOS,"2,507.00","120,00",,,
J0000000000231,CHIFLES CHANCHITO CERDITO RED X6,908422,JUGUETERIA,CHIFLES,,,PESOS,"2,800.00","120,00",,,
J0000000000075,COCHE PARAGUITA BOLSA DN881 - 53528 / 53100,908277,JUGUETERIA,MUÑECA,,,PESOS,"11,106.00","120,00",,,
J0000000000153,COCHE PASEO / CARRO COMPRAS DURAVIT,908354,JUGUETERIA,COCHE,REX,DURAVIT,PESOS,"5,600.00","120,00",,,
JUG154522,COLCHONETA INFLABLE BESTWAY 6942 - 44007 SUNCLUB 37496,908543,JUGUETERIA,VERANO,REX,BESTWAY,PESOS,"15,900.00","120,00",,AUMENTO UN 15% CON RESPECTO AL 2024,
JUG124545,CONO LANZA PELOTAS 13155 14*11,908535,JUGUETERIA,,,,PESOS,"2,016.00","120,00",,,
JU02365,SET BELLEZA SD12900 CORONA Y VARITA PRINCESA,7990500129000,JUGUETERIA,CORONA,,,PESOS,"2,900.00","120,00",,,
J0000000000010,CREAR PALABRAS – MAGIKA JK-4552,7798130320657,JUGUETERIA,JUEGOS DE MESA,,MAGIKA,PESOS,"4,700.00","120,00",,,
J0000000000132,CUATRICICLO 228 DURAVIT,908334,JUGUETERIA,VEHICULOS,REX,DURAVIT,PESOS,"5,084.00","120,00",,,
J0000000000116,CUATRICICLO MKK992238,908318,JUGUETERIA,VEHICULOS,,NTCA,PESOS,"2,160.00","120,00",,,
JUG000874,CUBO CHINO 2 X 2 JHD002,908499,JUGUETERIA,CUBO,,,PESOS,"2,200.00","120,00",,,
J0000000000044,CUBO CHINO 3 X 3 JHD003,908251,JUGUETERIA,CUBO,,DYM,PESOS,"2,500.00","120,00",,,
J0000000000147,CUBO DIDACTICO DURAVIT PRIMERA INFANCIA,908348,JUGUETERIA,DIDACTICOS,REX,DURAVIT,PESOS,"6,700.00","120,00",,,
J0000000000148,CUBO DIDACTICO ENCASTRE RK-J014,908349,JUGUETERIA,DIDACTICOS,,RECKOIMPORT,PESOS,"1,600.00","120,00",,,
JUG76546,CUBO MAGICO CHICO 61201 / 54333 51281 /40103,7450077050003,JUGUETERIA,CUBO,,,PESOS,520.00,"120,00",,,
JUG00087,CUBO MAGICO LING ZHI CUBE NA201124,7415485411242,JUGUETERIA,CUBO,,,PESOS,"3,249.00","120,00",,,
JUG73273,CUBO MAGICO MEDIANO HM40061,5022849867762,JUGUETERIA,CUBO,,,PESOS,"1,008.00","120,00",,,
JUG318674,CUBO MAGICO ENGRANAJE ANK185,9874563214584,JUGUETERIA,CUBO,,,PESOS,"3,862.00","120,00",,,
J0000000000143,CUBOS DIDACTICOS PARA APRENDER LOS COLORES,908344,JUGUETERIA,DIDACTICOS,,WEINMANN,PESOS,"1,600.00","120,00",,,
J0000000000079,CUBOS X2 ENCASTRE 60654 51215,7450077143439,JUGUETERIA,DIDACTICO,,HAPPY TIME,PESOS,"1,120.00","120,00",,,
JUG1300496,CUNERO BOLSA HM60409,908537,JUGUETERIA,JUGUETES BEBES,,,PESOS,"3,230.00","120,00",,,
J0000000000234,CUNERO OSITOS TOYS,908425,JUGUETERIA,BEBES,,,PESOS,"1,440.00","120,00",,,
J0000000000235,CUNERO PELOTAS MOZART TOYA BABY PUPEÉ,7798138270114,JUGUETERIA,BEBES,,,PESOS,"1,584.00","120,00",,,
351260,CUPCAKE MUSICAL CON LUZ Y SONIDO SD21214ZX 8462,7990500212146,JUGUETERIA,DIDACTICOS,,,PESOS,"11,902.00","120,00",,,
LI531,DADO ACRILICO COLOR X UNIDAD,908979,JUGUETERIA,DIDACTICOS,,,PESOS,45.00,"120,00",,,
DA4547852,DADOS X UNIDAD,908200,JUGUETERIA,JUEGOS DE MESA,,,PESOS,144.00,"120,00",,,
JUG6552,DEJA UNO YUYU ART. 619,7798114536197,JUGUETERIA,JUEGOS DE MESA,,,PESOS,"2,515.00","120,00",,,
J0000000000018,DELETREANDO – ART 252,908225,JUGUETERIA,DIDACTICOS,,IMPLAS,PESOS,"2,160.00","120,00",,,
JUG32356,DIDACTICO ABEJA CON LUZ Y SONIDO DIGO WD3622,4897065711813,JUGUETERIA,DIDACTICO,,,PESOS,"9,805.00","120,00",,,
JUG304545,DIDACTICO CON LUZ Y SONIDO GUSANITO WD3623 / MARIPOSA WD3621,4897065711806,JUGUETERIA,DIDACTICOS,,,PESOS,"9,730.00","120,00",,,
JUG318990,DIDACTICO TELEFONO CON LUZ Y SONIDO WD3641,4897065711943,JUGUETERIA,DIDACTICOS,,,PESOS,"9,350.00","120,00",,,
JUG0002557,CAMION BOMBERO DURAVIT 650 ,908492,JUGUETERIA,DIDACTICO,REX,DURAVIT,PESOS,"7,763.00","120,00",,,
JUG307429,DIDACTICO MONITO CON SONIDO 740672 HM60027,908599,JUGUETERIA,DIDACTICO,,,PESOS,"5,640.00","120,00",,,
JUG340067,DIDACTICO MUSICAL SD22704Z,908635,JUGUETERIA,DIDACTICOS,,,PESOS,"9,740.00","120,00",,,
JUG396909,DIDACTICO MUSICAL SD24721,908650,JUGUETERIA,DIDACTICO,,,PESOS,"8,740.00","120,00",,,
JUG65256,DIDACTICO NEW PLAST LABERINTO 3D 20191,7798025251998,JUGUETERIA,DIDACTICO,,,PESOS,"8,900.00","120,00",,,
J0000000000182,DINOSAURIO A CUERDA SD21497,908375,JUGUETERIA,DIDACTICO,,,PESOS,"3,000.00","120,00",,,
JUG0366,AUTO SUV TRAKER 4X4,7798172021604,JUGUETERIA,AUTO,,,PESOS,"3,890.00","120,00",,,
JUG7544,DINOSAURIOS LUMINOSOS DINOSAUR WS004,908816,JUGUETERIA,DINOSAURIOS,,,PESOS,"2,500.00","120,00",,,
JUG48789,DINOSAURIOS X4 UNIDADES DINOSAURS BA-10714,908706,JUGUETERIA,DINOSAURIOS,,,PESOS,"3,500.00","120,00",,,
JUG897,DINOSAURIOS X6 UNIDADES DINOSAURS GRANDES NO.028,908850,JUGUETERIA,DINOSAURIOS,,,PESOS,"6,200.00","120,00",,,
JUG418,,908662,JUGUETERIA,DEPORTES,,,PESOS,970.00,"120,00",,,
JUG54744,DOMINO ANIMALES YUYU 337,7798114533370,JUGUETERIA,JUEGOS DE MESA,,,PESOS,"2,850.00","120,00",,,
J0000000000063,DOMINO DE MADERA 28 PIEZAS,908266,JUGUETERIA,JUEGOS DE MESA,,SIN MARCA,PESOS,"1,600.00","120,00",,,
J0000000000057,DOMINO EN ESTUCHE DE PLASTICO NS352754,908261,JUGUETERIA,JUEGOS DE MESA,,DOMINOES,PESOS,"4,380.00","120,00",,,
JUG25412,DOMINO GRANJA ART. 227,908578,JUGUETERIA,JUEGOS DE MESA,,,PESOS,"1,120.00","120,00",,,
JUG351120,DR LOKUS SLIME ART 1-270,908636,JUGUETERIA,SLIME,,,PESOS,"1,660.00","120,00",,,
JUG603,DURAVIT ANIMALES SET DEL CAMPO CABALLOS Y VACAS 630,908787,JUGUETERIA,ANIMALES,REX,DURAVIT,PESOS,"2,609.00","120,00",,,
J0000000000133,DURAVIT AUTO CARRERA / CAMIONETA / AUTO / VOLCADOR ,908335,JUGUETERIA,VEHICULOS,REX,DURAVIT,PESOS,"2,600.00","120,00",,,
JUG76554,DURAVIT AUTO CHICO X UNIDAD MINI AUTO,908821,JUGUETERIA,VEHICULOS,REX,DURAVIT,PESOS,740.00,"120,00",,,
JUG319058,DURAVIT DIDACTICO PRIMERA INFANCIA AROS DE COLOR MORDILLO 628,7792435006285,JUGUETERIA,DIDACTICOS,REX,DURAVIT,PESOS,"1,852.00","120,00",,,
JUG5668,DURAVIT DIDACTICO PRIMERA INFANCIA BALDE CON ENCASTRE PRIMERAS FORMAS 656,7792435006568,JUGUETERIA,DIDACTICOS,REX,DURAVIT,PESOS,"5,800.50","120,00",,,
JUG45666,DURAVIT DIDACTICO PRIMERA INFANCIA BALDE PRIMEROS NUMEROS 659,7792435006599,JUGUETERIA,DIDACTICOS,REX,DURAVIT,PESOS,"5,800.50","120,00",,,
JUG1212345,DURAVIT DIDACTICO PRIMERA INFANCIA GIRABOLA 676,908527,JUGUETERIA,DIDACTICOS,REX,DURAVIT,PESOS,"5,425.00","120,00",,,
JUG306060,DURAVIT DIDACTICO PRIMERA INFANCIA MORDILLO LLAVES EN CAJA 670,908591,JUGUETERIA,DIDACTICOS,REX,DURAVIT,PESOS,"1,600.00","120,00",,,
JUG54878,DURAVIT DIDACTICO PRIMERA INFANCIA SET DE REGALO 3 EN 1 667,908761,JUGUETERIA,DIDACTICOS,REX,DURAVIT,PESOS,"12,745.00","120,00",,,
JUG903168,DURAVIT DURA MASA 713,908854,JUGUETERIA,MASA,REX,DURAVIT,PESOS,"7,060.00","120,00",,,
294001384,DURAVIT MASA AMIGUITOS EN LA SELVA 721 / AMIGUITOS EN LA GRANJA 722,907316,JUGUETERIA,MASA,REX,DURAVIT,PESOS,"6,250.00","120,00",,,
JUG7660,DURAVIT MASA DURAMASA KITCHEN 729,908822,JUGUETERIA,MASA,REX,DURAVIT,PESOS,"6,132.00","120,00",,,
JUG54456,DURAVIT MASA DURAMASA X 10 UNIDADES 709,7792435007091,JUGUETERIA,MASA,REX,DURAVIT,PESOS,"6,840.00","120,00",,,
8679546,DURAVIT MASA DURAMASA X 2 UNIDADES 705,7792435007053,JUGUETERIA,MASA,REX,DURAVIT,PESOS,"2,911.00","120,00",,,
JUG6520000,DURAVIT MASA DURAMASA X 4 UNIDADES 706,7792435007060,JUGUETERIA,MASA,REX,DURAVIT,PESOS,"5,476.00","120,00",,,
JUG322139,DURAVIT MASA DURAMASA POTE X 1 704,908628,JUGUETERIA,MASA,REX,DURAVIT,PESOS,"1,500.00","120,00",,,
J0000000000166,DURAVIT SET X 2 POLICIA / BOMBERO / AMBULANCIA / EXCAVADORA / PALA,908359,JUGUETERIA,VEHICULOS,REX,DURAVIT,PESOS,"5,940.00","120,00",,,
J0000000000144,ENCASTRE CON MARTILLO EN RED,908345,JUGUETERIA,DIDACTICOS,,SIN MARCA,PESOS,"1,520.00","120,00",,,
JUG3546,ENCASTRE HEXAGONO DIDACTICO 432 14*11,7798121288188,JUGUETERIA,DIDACTICO,,,PESOS,"2,800.00","120,00",,,
JUG40000,ENCASTRE NEW PLAST MEDIO BOLON DIDACTICO 20129,7798025250380,JUGUETERIA,DIDACTICO,,,PESOS,"2,500.00","120,00",,,
J0000000000146,DURAVIT DIDACTICO PRIMERA INFANCIA PELOTA CON CASCABEL 669,7792435006698,JUGUETERIA,DIDACTICOS,REX,DURAVIT,PESOS,"3,100.00","120,00",,,
J0000000000090,ESPADA 2962,908292,JUGUETERIA,ARMAS,,ATHAND,PESOS,800.00,"120,00",,,
JUG1224121,ESPADA CON LUZ Y SONIDO SWORD 80026 14*11,5022849362168,JUGUETERIA,ARMAS,,,PESOS,"2,900.00","120,00",,,
JUG87920,ESPADA LANZA TAZO CON LUZ Y SONIDO HM952692,5022849526928,JUGUETERIA,ARMAS,,,PESOS,"2,580.00","120,00",,,
J0000000000004,ESQUIZIONARY NUPRO,908211,JUGUETERIA,JUEGOS DE MESA,,NUPRO,PESOS,"10,720.00","120,00",,,
J0000000000002,ESTANCIERO TOYCO,908209,JUGUETERIA,JUEGOS DE MESA,,TOYCO,PESOS,"8,000.00","120,00",,,
JUG877000,ESTRELLAS FLUORESCENTES LUMINOSAS 13PZAS HM863171,908838,JUGUETERIA,ADORNO,,,PESOS,"1,200.00","120,00",,,
JUG8547,ESTRELLAS NEON FLUORESCENTE LUMINOSAS HM323158,908835,JUGUETERIA,ADORNO,,,PESOS,"1,400.00","120,00",,,
JUG65687,EVA PUPY PLAY ABECEDARIO PLANCHA 32312,908800,JUGUETERIA,DIDACTICO,,,PESOS,"1,600.00","120,00",,,
JUG54558,FIGURA ACCION SUPERHEROE 23CM IRON MAN / THOR 70002 14*11,908737,JUGUETERIA,FIGURA,,,PESOS,"5,232.00","120,00",,,
9780201379648,FLAUTA MELODICA CON ORGANO FD7100 FIRST BAND,908546,JUGUETERIA,INSTRUMENTOS,,,PESOS,"4,501.00","120,00",,,
JUG103823,FLOTA FLOTA,908511,JUGUETERIA,VERANO,,,PESOS,"1,200.00","120,00",2640,,
JUG306387,JUEGO DE AGUA ASTRONAUTA HM50098,5022840150504,JUGUETERIA,,,,PESOS,"1,460.00","120,00",,,
J0000000000170,FORTNITE EN BLISTER X2,908363,JUGUETERIA,MUÑECO,,SIN MARCA,PESOS,"3,040.00","120,00",,,
JUG23000,FRUTAS Y VERDURAS DURAVIT EN BOLSA 507,908569,JUGUETERIA,FRUTAS Y VERDURAS,REX,DURAVIT,PESOS,"2,831.00","120,00",,,
J0000000000218,FUNNY PIANO MUSICE 6806-28,908409,JUGUETERIA,INSTRUMENTOS,,,PESOS,"1,520.00","120,00",,,
J0000000000065,GENERALA BISONTE 1533,908268,JUGUETERIA,JUEGOS DE MESA,,BISONTE,PESOS,"3,221.00","120,00",,,
J0000000000066,GENERALA EN BOLSA,908269,JUGUETERIA,JUEGOS DE MESA,,SIN MARCA,PESOS,480.00,"120,00",,,
JUG410,GENERALA EN BOLSA CHICO 340059,908654,JUGUETERIA,JUEGOS DE MESA,,,PESOS,368.00,"120,00",,,
J0000000000064,GENERALA NUPRO,908267,JUGUETERIA,JUEGOS DE MESA,,NUPRO,PESOS,"4,447.00","120,00",,,
J0000000000067,GENERALA TIZI,908270,JUGUETERIA,JUEGOS DE MESA,,TIZI,PESOS,512.00,"120,00",,,
JU2136589,GIRLS PET A200577 18-42 9510,908478,JUGUETERIA,GIRLS,,,PESOS,"5,600.00","120,00",,,
REG786453,GORRO BESTWAY NATACION PILETA 26006,909621,JUGUETERIA,VERANO,,BESTWAY,PESOS,"3,780.00","120,00",,,
J0000000000007,GRANDES ESTRATEGAS SAN REMO 75202,5752020000007,JUGUETERIA,JUEGOS DE MESA,,SAN REMO,PESOS,"2,150.00","120,00",,,
JUG58780,GUITARRA MADERA CH CHICA 42CM 1318 / 1001,908782,JUGUETERIA,INSTRUMENTOS,,,PESOS,"8,900.00","120,00",,,
J0000000000103,GUITARRA MADERA GDE GRANDE 65CM 1320 / 100320,908305,JUGUETERIA,INSTRUMENTOS,,,PESOS,"7,415.00","120,00",,,
J0000000000001,HACENDADO MAGIKA 4554 JK-4554,7798130320671,JUGUETERIA,JUEGOS DE MESA,,MAGIKA,PESOS,"6,890.00","120,00",,,
J0000000000216,HAPPY PHONE TELEFONO CELULAR CON SONIDO EN BLISTER,WD3711,JUGUETERIA,CELULAR,,,PESOS,"4,500.00","120,00",,,
J0000000000212,HELICOPTERO BABY TOYS 60591,908403,JUGUETERIA,VEHICULOS,,,PESOS,"1,250.00","120,00",,,
J0000000000204,HELICOPTERO BURBUJA X2 NT1136 14*11,908395,JUGUETERIA,VEHICULOS,,,PESOS,"5,520.00","120,00",,,
7450077124421,HELICOPTERO CON LANZADOR HELICOPTER 52146 61333,908746,JUGUETERIA,VEHICULOS,,,PESOS,"1,500.00","120,00",,,
J0000000000123,HELICOPTERO NT1136,908325,JUGUETERIA,VEHICULOS,,NTCA,PESOS,"2,080.00","120,00",,,
JUG7633,HOT WHEELS ORIGINAL,908819,JUGUETERIA,VEHICULOS,REX,,PESOS,"6,400.00","120,00",,,
RE545646,HULA HULA CHICO,909528,JUGUETERIA,HULA,,,PESOS,330.00,"120,00",,,
RE4686879,HULA HULA GRANDE,909526,JUGUETERIA,HULA,,,PESOS,"1,042.00","120,00",,,
JUG4878,ICE CREAM SWEET MEATS JUEGO DE COCINA SD21547Z,908705,JUGUETERIA,JUEGO DE COCINA,,,PESOS,"3,360.00","120,00",,,
J0000000000083,JEWELRY BOX PARA PINTAR,908285,JUGUETERIA,JEWELRY,,CHAMPION,PESOS,"1,760.00","120,00",,,
J0000000000187,JEWELRY FASHION SET 1618 D,908379,JUGUETERIA,JEWELRY,,,PESOS,"1,760.00","120,00",,,
JUG303326,JUEGO DE PLAYA DURAVIT 532 CANASTA,908585,JUGUETERIA,VERANO,REX,DURAVIT,PESOS,"5,710.90",120.00,,,
JUG7841,JUEGO DE AGUA AUSTRONAUTA HM50078 - HM50133,908825,JUGUETERIA,JUEGO DE AGUA,,,PESOS,"1,900.00","120,00",,,
JU4604,JUEGO DE AGUA CELULAR EN BOLSA 51291 / HELADO HM50009,908481,JUGUETERIA,JUEGO DE AGUA,,,PESOS,"1,350.00","120,00",,,
J0000000000085,JUEGO DE AGUA UNICORNIO HM50080,908287,JUGUETERIA,JUEGO DE AGUA,,DURAVIT,PESOS,"1,800.00","120,00",,,
JUG4574,JUEGO DE AJEDREZ MESA YUYU ECONOMICO 112 306187,7798114531123,JUGUETERIA,JUEGOS DE MESA,,,PESOS,"2,550.00","120,00",,,
JUG555,JUEGO DE AROS COCODRILO 51242 62116,7450077098135,JUGUETERIA,DIDACTICO,,,PESOS,"2,350.00","120,00",,,
JUG4444,JUEGO DE AROS PATO 51381,908668,JUGUETERIA,DIDACTICO,,,PESOS,"2,350.00","120,00",,,
JUG301217, CARTAS ESPAÑOLAS INFANTILES ARVAL,908583,JUGUETERIA,JUEGOS DE MESA,,,PESOS,"1,136.36","120,00",,,
JUG1100,KITCHEN SET BA-02059 02059,908516,JUGUETERIA,JUEGO DE COCINA,,,PESOS,"1,900.00","120,00",,,
J0000000000030,JUEGO DE DAMAS MAGIKA,908237,JUGUETERIA,JUEGOS DE MESA,,MAGIKA,PESOS,"1,088.00","120,00",,2393.6,
J0000000000032,JUEGO DE DAMAS NUPRO 1023,7798108220255,JUGUETERIA,JUEGOS DE MESA,,NUPRO,PESOS,"7,127.00","120,00",,,
J0000000000037,JUEGO DE DAMAS Y/O AJEDREZ HABANO,908244,JUGUETERIA,JUEGOS DE MESA,,HABANO,PESOS,"8,730.00","120,00",,,
J0000000000031,JUEGO DE DAMAS YUYU,908238,JUGUETERIA,JUEGOS DE MESA,,YUYU,PESOS,"1,360.00","120,00",,,
JUG4102,JUEGO DE HERRAMIENTAS DURAVIT MIS HERRAMIENTAS 410,7792435004106,JUGUETERIA,JUEGO DE HERRAMIENTAS,REX,DURAVIT,PESOS,"4,100.00","120,00",9020,,
JUG852,JUEGO DE HERRAMIENTAS DURAVIT CASCO Y HERRAMIENTAS 413,7792435004137,JUGUETERIA,JUEGO DE HERRAMIENTAS,REX,DURAVIT,PESOS,"4,464.00","120,00",,,
JUG879,JUEGO DE HERRAMIENTAS PLAY TOOL BL MKL551192,908843,JUGUETERIA,JUEGO DE HERRAMIENTAS,,,PESOS,"4,200.00","120,00",,,
JUG4578,JUEGO DE HERRAMIENTAS TOOL 53263,908697,JUGUETERIA,JUEGO DE HERRAMIENTAS,,,PESOS,"2,160.00","120,00",,,
JUG20004,JUEGO DE INGENIO UNO SOLO RUIBAL ART. 1240,7794635012400,JUGUETERIA,JUEGOS DE MESA,,,PESOS,"5,120.50","120,00",,,
JUG6565200,JUEGO DE JOCKEY 311504,908797,JUGUETERIA,DEPORTES,,,PESOS,"6,336.00","120,00",,,
J0000000000062,JUEGO DE LA OCA EN BOLSA,908265,JUGUETERIA,JUEGOS DE MESA,,SIN MARCA,PESOS,"1,000.00","120,00",,,
J0000000000027,JUEGO DE LA OCA NUPRO 1021,908234,JUGUETERIA,JUEGOS DE MESA,,NUPRO,PESOS,"10,452.00","120,00",,,
J0000000000028,JUEGO DE LA OCA YUYU,7798114531437,JUGUETERIA,JUEGOS DE MESA,,YUYU,PESOS,"3,940.00","120,00",,,
JUG85200,JUEGO DE LUDO YUYU ART. 142,7798114531420,JUGUETERIA,JUEGOS DE MESA,,,PESOS,"3,940.00","120,00",,,
5022848978759,CARRERA DE MENTE RUIBAL ,7794635041103,JUGUETERIA,JUEGO DE MESA,,RUIBAL,PESOS,"33,250.00","120,00",,,
JUG549844,JUEGO DE MATE CON PAVA ELECTRICA Y BANDEJA RIVA 104,908765,JUGUETERIA,JUEGO DE MATE,,,PESOS,"4,700.00","120,00",,,
JUG98785522, JUEGO DE MATE DURAVIT CON PAVA 618,908861,JUGUETERIA,JUEGO DE MATE,REX,DURAVIT,PESOS,"4,150.00","120,00",,,
JUG1202,JUEGO DE MATE PETIT GOURMET CON PAVA N126,7790568001269,JUGUETERIA,JUEGO DE MATE,,,PESOS,"4,590.00","120,00",,,
JUG41200,JUEGO DE MESA AJEDREZ JK-4001 LINEA PLUS MAGIKA,7798130320220,JUGUETERIA,JUEGOS DE MESA,,,PESOS,"4,030.00","120,00",,,
JUG121300,JUEGO DE MESA CHANCHO - TUTI FRUTI TOTOGAMES,7798261820033,JUGUETERIA,JUEGOS DE MESA,,,PESOS,"6,690.00","120,00",,,
JUG45200,JUEGO DE MESA CONQUISTA DEL MUNDO TOTOGAMES,7798261820224,JUGUETERIA,JUEGOS DE MESA,,,PESOS,"19,500.00","120,00",,,
JUG313407,JUEGO DE MESA CRUZANDO PALABRAS,908611,JUGUETERIA,JUEGOS DE MESA,,YUYU,PESOS,"4,960.00","120,00",,,
JUG56500,JUEGO DE MESA LUDO MATIC 163962,908771,JUGUETERIA,JUEGOS DE MESA,,,PESOS,"4,192.00","120,00",,,
JUG2025,JUEGO DE MESA MAGIKA OCA JK-4004 / LUDO JK-4003,908557,JUGUETERIA,JUEGOS DE MESA,,,PESOS,"1,600.00","120,00",,,
JUG54800,JUEGO DE MESA MANDA FRUTA TOTO GAMES 2031,7798261820316,JUGUETERIA,JUEGOS DE MESA,,,PESOS,"9,900.00","120,00",,,
JUG450000,JUEGO DE MESA MEMO 36 FICHAS 18 PARES 4002 DONAS - FRUTAS - ANIMALITOS - TRANSPORTES,7798336835108,JUGUETERIA,JUEGOS DE MESA,,,PESOS,"4,430.00","120,00",,,
JUG544000,JUEGO DE MESA NUPRO BURAKO COUNTRY 1621,908723,JUGUETERIA,JUEGOS DE MESA,,,PESOS,"12,560.00","120,00",,,
JUG78872,JUEGO DE MESA PALABRAS CRUZADAS TOTOGAMES,7798261820095,JUGUETERIA,JUEGOS DE MESA,,,PESOS,"16,500.00","120,00",,,
JUG306273,JUEGO DE MESA RUIBAL 4 EN LINEA 1260,7794635012608,JUGUETERIA,JUEGOS DE MESA,,RUIBAL,PESOS,"8,500.00","120,00",,,
J0000000000047,JUEGO DE MESA TOTOGAMES RUMMY Y BURAKO,908253,JUGUETERIA,JUEGOS DE MESA,,SIN MARCA,PESOS,"6,890.00","120,00",,,
JUG60146,JUEGO DE MESA DOMINO ANIMALES UNIESCO 4051,7791155896169,JUGUETERIA,JUEGOS DE MESA,,UNIESCO,PESOS,"6,000.00","120,00",,,
JUG20002,JUEGO DE PARQUE SOUP TOYS SD22603,908552,JUGUETERIA,JUEGOS DE MESA,,,PESOS,"3,088.00","120,00",,,
JUG0078,JUEGO DE PESCA FISHING CHICO 50990,908501,JUGUETERIA,JUEGOS DE MESA,,,PESOS,888.00,"120,00",,,
J0000000000134,*,7450077067544,JUGUETERIA,JUEGOS DE MESA,,,PESOS,"11,380.00","120,00",,,
JUG54001,JUEGO DE PESCA PESCAMAGIC 8249 601-0008,908715,JUGUETERIA,JUEGOS DE MESA,,,PESOS,"8,823.00","120,00",,,
JUG2565,PESCA MAGIC PILA FISHING HM40288,5022840092682,JUGUETERIA,JUEGOS DE MESA,,,PESOS,"7,821.00","120,00",,,
JUG324546,JUEGO DE PLAYA ART. 413 CHICHESS PALA - RASTRILLO - 2 MOLDES,908634,JUGUETERIA,VERANO,REX,CHICHESS,PESOS,"2,676.00","120,00",,,
JUG112200,JUEGO DE PLAYA BALDE CASTILLO CHICHESS 370,908521,JUGUETERIA,VERANO,REX,CHICHESS,PESOS,"1,715.00","120,00",,,
JUG1544000,JUEGO DE PLAYA CHICHESS 410 PALA Y RASTRILLO CHICOS,908542,JUGUETERIA,VERANO,REX,CHICHESS,PESOS,873.00,"120,00",,,
JUG454754,JUEGO DE PLAYA CHICHESS ART 414 4 MOLDES,908684,JUGUETERIA,VERANO,REX,CHICHESS,PESOS,"1,365.00","120,00",,,
JUG54466,JUEGO DE PLAYA CHICHESS ART 416 4 MOLDES - PALA - RASTRILLO,908729,JUGUETERIA,VERANO,REX,CHICHESS,PESOS,"2,194.00","120,00",,,
JUG491610,JUEGO DE PLAYA DURAVIT 520 PALA - RASTRILLO - COLADOR,908708,JUGUETERIA,VERANO,REX,DURAVIT,PESOS,950.00,120.00,,,
JUG310243,JUEGO DE PLAYA DURAVIT 524 BARCO CON ACCESORIOS,908602,JUGUETERIA,VERANO,REX,DURAVIT,PESOS,"8,758.50",120.00,,,
JUG70328,JUEGO DE PLAYA DURAVIT 527 BALDE CON ACCESORIOS Y CASTILLOS,908808,JUGUETERIA,VERANO,REX,DURAVIT,PESOS,"9,636.90",120.00,,,
JUG545433,JUEGO DE PLAYA DURAVIT 537 BALDE MOLINO CON ACCESORIOS,908735,JUGUETERIA,VERANO,REX,DURAVIT,PESOS,"5,500.00",120.00,,,
JUG32454533,KIT PARRILLA BARBACOA 137 IRV,7798172022021,JUGUETERIA,JUEGO DE TE,,,PESOS,"5,910.00","120,00",,,
7792435005011,JUEGO DE TE DURAVIT 501 MI COCINA BALDE 25 PIEZAS,7792435005011,JUGUETERIA,JUEGO DE TE,REX,DURAVIT,PESOS,"5,718.00","120,00",,,
JUG000548578,JUEGO DE TE DURAVIT 500 MI COCINA CON BANDEJA,7792435005004,JUGUETERIA,JUEGO DE TE,REX,DURAVIT,PESOS,"5,738.00","120,00",,,
J0000000000109,SET COCINA IRV C/BANDEJA CANDY BAR 0269,7798172022342,JUGUETERIA,JUEGO DE TE,,,PESOS,"5,850.00","120,00",,,
JUG751,JUEGO DE TE PRINCESAS EN BOLSA DISNEY PRINCESS,138055651547,JUGUETERIA,JUEGO DE TE,,,PESOS,"1,040.00","120,00",,,
JUG985412,*,908859,JUGUETERIA,JUEGO DE TE,,,PESOS,0.00,"120,00",,,
JUG445555,JUEGO MESA TOTOGAMES JUGANDO APRENDO / MEMOTEST,908670,JUGUETERIA,JUEGOS DE MESA,,,PESOS,"3,900.00","120,00",,,
J0000000000238,JUEGO PALETAS PING PONG SHEN LI 2038,908429,JUGUETERIA,DEPORTES,,,PESOS,"4,700.00","120,00",,10340,
J0000000000052,JUEGOS DE MESA BONTUS DIBUJALO 611,7798155606118,JUGUETERIA,JUEGOS DE MESA,REX,BONTUS,PESOS,"3,030.00","120,00",,,
J0000000000053,JUEGOS DE MESA BONTUS VS MODELOS,908257,JUGUETERIA,JUEGOS DE MESA,REX,BONTUS,PESOS,"2,161.50","120,00",,,
JUG523717,JUEGOS PARA BUCEO X 3 CALAMARES 26031 / PECES 26029,908711,JUGUETERIA,VERANO,,,PESOS,"4,000.00","120,00",,,
201704,JUGUETE POP IT,905200,JUGUETERIA,DIDACTICO,,,PESOS,"6,200.00","120,00",,,
CC1452146,KALEIDOSCOPIO HM908410,908195,JUGUETERIA,KALEIDOSCOPIO,,,PESOS,540.00,"120,00",,,
JUG5342,KIT COCINA FAST FOOD 0208,7798172020942,JUGUETERIA,JUEGO DE COCINA,,,PESOS,"3,184.00","120,00",,7004.8,8055.52
JUG41000,KIT DE FRUTAS Y VERDURAS 0214,7798172021062,JUGUETERIA,FRUTAS Y VERDURAS,,,PESOS,"2,280.00","120,00",,5016,5768.4
JU43140,KIT HELADERIA IRV ART. 0216 ,7798172021116,JUGUETERIA,COMIDAS,,,PESOS,"2,880.00","120,00",,6336,7286.4
59002024222967,KIT MOSTACILLAS PULSERAS 2296,59002024222967,JUGUETERIA,ARMA JOYAS,,,PESOS,"6,400.00","120,00",,,
JUG54871,SET KITCHEN 18002,6922191075855,JUGUETERIA,JUEGO DE COCINA,,,PESOS,"2,880.00","120,00",,,
J0000000000055,LA SOLTERONA ARVAL,908259,JUGUETERIA,JUEGOS DE MESA,,ARVAL,PESOS,880.00,"120,00",,,
JUG70265,LANZA AGUA 8292,908806,JUGUETERIA,VERANO,,,PESOS,"2,200.00","120,00",,,
JUG70278,LANZA AGUA 8772,908807,JUGUETERIA,VERANO,,,PESOS,"3,800.00","120,00",,,
JUG306740,LANZA AGUA ANIMALES 8303 / 21117,908596,JUGUETERIA,VERANO,,,PESOS,"3,880.00","120,00",8536,,
JUG6565669,LANZA AGUA 48CM SD22235,908799,JUGUETERIA,VERANO,,,PESOS,1.00,"120,00",,,
JUG6565668,LANZA AGUA 32CM SD22234,908798,JUGUETERIA,VERANO,,,PESOS,1.00,"120,00",,,
JUG315109,LANZA AGUA 31CM  PISTOLA,908612,JUGUETERIA,VERANO,,,PESOS,1.00,"120,00",,,
J0000000000095,LANZA HELICE DISCO GRANDE SD25019Z,908297,JUGUETERIA,DEPORTES,,,PESOS,"4,100.00","120,00",,,
J0000000000022,LAS HORAS – YUYU 340,7798114533400,JUGUETERIA,DIDACTICOS,,YUYU,PESOS,"3,200.00","120,00",,,
J0000000000021,LAS PROFESIONES – YUYU 351,7798114533516,JUGUETERIA,DIDACTICOS,,YUYU,PESOS,"3,200.00","120,00",,,
JU7360,LEGO,908485,JUGUETERIA,LEGO,,,PESOS,"2,350.00","120,00",,,
2145712,LETRAS Y NUMEROS MAGNETIC IMAN CH. HM40072 52 PIEZAS,905546,JUGUETERIA,LETRAS MAGNETICAS,,,PESOS,"2,350.00","120,00",,,
2145714,LETRAS Y NUMEROS MAGNETIC IMAN GRANDE FD1128-06,905548,JUGUETERIA,LETRAS MAGNETICAS,,,PESOS,"2,800.00","120,00",,,
2145713,LETRAS Y NUMEROS MAGNETIC IMAN MEDIANO FD1128-16,905547,JUGUETERIA,LETRAS MAGNETICAS,,,PESOS,"2,050.00","120,00",,,
190500002131,LIBRITO C/SONIDO ANIMALES SELVA / GRANJA 9056,909670,JUGUETERIA,LIBRITO,,,PESOS,"13,177.00","120,00",,,
7792435006261,LOCOMOTORA DURAVIT PRIMERA INFANCIA ARRASTRE Y SONIDO 626,908709,JUGUETERIA,DIDACTICOS,REX,DURAVIT,PESOS,"5,190.00","120,00",,,
J0000000000137,LOL 9982 DH35038,908338,JUGUETERIA,MUÑECAS,,SIN MARCA,PESOS,960.00,"120,00",,,
1062851752025,LOOM BANDS,900435,JUGUETERIA,ARMA JOYAS,,,PESOS,"1,500.00","120,00",,,
J0000000000154,LOOM BANDS/ CRAZY BANDS,908355,JUGUETERIA,ARMA JOYAS,,SIN MARCA,PESOS,"1,200.00","120,00",,,
J0000000000012,LOS COLORES – ART 319 IMPLAS,7797756000806,JUGUETERIA,DIDACTICOS,,IMPLAS,PESOS,"10,200.00","120,00",,,
J0000000000020,LOS MESES – YUYU,7798114533387,JUGUETERIA,DIDACTICOS,,YUYU,PESOS,"3,800.00","120,00",,,
J0000000000061,LOTERIA BINGO CON FICHAS DE PLASTICO BASICO,908264,JUGUETERIA,JUEGOS DE MESA,,,PESOS,"1,000.00","120,00",,,
J0000000000003,LOTERIA RUIBAL,908210,JUGUETERIA,JUEGOS DE MESA,,RUIBAL,PESOS,"3,600.00","120,00",,,
J0000000000025,LUDO MAGIKA,908232,JUGUETERIA,JUEGOS DE MESA,,MAGIKA,PESOS,"1,600.00","120,00",,,
J0000000000023,LUDO MATIC ORIGINAL TRISMA S.A.,908230,JUGUETERIA,JUEGOS DE MESA,,TRISMA,PESOS,"10,100.00","120,00",,,
J0000000000024,LUDO NUPRO 1021,908231,JUGUETERIA,JUEGOS DE MESA,,NUPRO,PESOS,"5,515.00","120,00",,,
JUG54000,MAMADERA MAGICA FEEDING BOTTLE CON ACCESORIOS AB-12056 - E02*24,908714,JUGUETERIA,BEBES,,,PESOS,"1,800.00","120,00",,,
J0000000000251,MAMADERA MAGICA X1 BABY DOLL - E02*24,908442,JUGUETERIA,BEBES,,,PESOS,"1,200.00","120,00",,,
JU02369,MAMADERA C/ ACCESORIOS 10040,6991202610040,JUGUETERIA,BEBES,,,PESOS,"3,280.00","120,00",,,
JUG547,MAMADERAS MAGICAS MAGIC BOTTLE 425244 - E02*24,908752,JUGUETERIA,BEBES,,,PESOS,"1,200.00","120,00",,,
J0000000000250,MAMADERAS MAGICAS X2 2016 MAGIC BOTTLE - E02*24,908441,JUGUETERIA,BEBES,,,PESOS,"1,000.00","120,00",,,
J0000000000223,CHIFLE BARCO 11360,7798364130107,JUGUETERIA,BEBES,,,PESOS,"2,750.00","120,00",,,
J0000000000191,MASA BONTUS DIVERMASA ANIMALES / PRINCESAS / COMIDITAS / DINOSAURIOS,908383,JUGUETERIA,MASA,REX,BONTUS,PESOS,"1,870.00","120,00",,,
JUG1110,MASA MANIA FABRICA DE ESPAGUETTIS 0067,908518,JUGUETERIA,MASA,,,PESOS,"3,472.00","120,00",,,
JUG2323,MASA MANIA FRUTIS 0074 / ZOO 0075 14*11,908572,JUGUETERIA,MASA,,,PESOS,"2,976.00","120,00",,,
JUG00078,MASA MANIA GALLETITAS DELICIOSAS 069,908497,JUGUETERIA,MASA,,,PESOS,"2,696.00","120,00",,,
J0000000000190,MASA MULTI FORMAS 6353,908382,JUGUETERIA,MASA,,,PESOS,"2,950.00","120,00",,,
J0000000000192,MASA PLASTI KIDS FRASCO CON TAPA DE FLOR,908384,JUGUETERIA,MASA,,,PESOS,"1,200.00","120,00",,,
VRNO709906,MASCARA DE BUCEO ANTIPARRA SWIM GOGGLES 709906,909665,JUGUETERIA,VERANO,,,PESOS,"1,310.00","120,00",,,
J0000000000213,MEGAFONO BABY TOY CON LUZ Y SONIDO,908404,JUGUETERIA,INSTRUMENTOS,,,PESOS,"1,744.00","120,00",,,
J0000000000005,MEMOTEST RUIBAL 418 14*11,908212,JUGUETERIA,JUEGOS DE MESA,,RUIBAL,PESOS,"9,152.00","120,00",,,
J0000000000019,MI CUERPO – HABANO,7798131640631,JUGUETERIA,DIDACTICOS,,HABANO,PESOS,"3,500.00","120,00",,,
J0000000000139,MICROFONO KARAOKE KANISI HM943362,908340,JUGUETERIA,INSTRUMENTOS,,,PESOS,"10,100.00","120,00",,,
JUG150154,MINI FUTBOL,908539,JUGUETERIA,DEPORTES,,,PESOS,"4,200.00","120,00",,,
J0000000000214,MINI PANDERETAS HM859916,50228488599161,JUGUETERIA,INSTRUMENTOS,,,PESOS,"1,250.00","120,00",,,
JUG173512,MINI PELOTA DE FUTBOL N°2 CLUB / PERSONAJE / COLORES,908549,JUGUETERIA,DEPORTES,,,PESOS,"3,500.00","120,00",,,
J0000000000138,MINI PRINCESA FASHION - LOL 8065 X1,908339,JUGUETERIA,MUÑECAS,,SIN MARCA,PESOS,"1,900.00","120,00",,,
JUG319108,MINI TATETI CON DADO MADERA MADERPLAST,908621,JUGUETERIA,JUEGOS DE MESA,,,PESOS,"7,290.00","120,00",,,
JUG319137,MINI TEJO DE MADERA MADERPLAST,908622,JUGUETERIA,JUEGOS DE MESA,,,PESOS,"6,820.00","120,00",,,
JUG546300,MINI VAN DIE CAST TH635,908742,JUGUETERIA,VEHICULOS,,,PESOS,"2,371.20","120,00",,,
J0000000000220,MORDILLO LLAVES FEEGUS,908411,JUGUETERIA,BEBES,,,PESOS,"1,500.00","120,00",,,
J0000000000219,MORDILLO LLAVES PUPPE,7798138274716,JUGUETERIA,BEBES,,,PESOS,"1,800.00","120,00",,,
J0000000000171,MOTO A FRICCION HM933077,908364,JUGUETERIA,VEHICULOS,,,PESOS,"1,000.00","120,00",,,
JUG578,MOTO BLISTER X 6 SD24778,7990500247780,JUGUETERIA,VEHICULOS,,,PESOS,"5,006.00","120,00",,,
J0000000000128,MOTO CON ACCESORIOS BA-10984,908330,JUGUETERIA,VEHICULOS,,GO SHOP,PESOS,945.60,"120,00",,,
J0000000000119,MOTO CON PILOTO 62157,908321,JUGUETERIA,VEHICULOS,,SEBIGUS,PESOS,"1,640.00","120,00",,,
J0000000000172,MOTO EN BLISTER 18710,908365,JUGUETERIA,VEHICULOS,,GO SHOP,PESOS,"1,008.00","120,00",,,
JUG45878,MOTO EN BLISTER X3 EXTREME SD10382,908699,JUGUETERIA,VEHICULOS,,,PESOS,"2,720.00","120,00",,,
JUG8798,MOTO EN BLISTER X4 UNIDADES MODEL CAR 11604,908847,JUGUETERIA,VEHICULOS,,,PESOS,"1,744.00","120,00",,,
JUG451212,MOTO METAL CAJA MODERN CITY HM10023 14*11,908675,JUGUETERIA,VEHICULOS,,,PESOS,"4,000.00","120,00",,,
J0000000000173,MOTOS X3 EN CAJA FD165603,908366,JUGUETERIA,VEHICULOS,,,PESOS,"4,425.00","120,00",,,
J0000000000140,MUÑECA TINY FANTASY 55027 ,7453105000742,JUGUETERIA,MUÑECA,REX,TINY,PESOS,"3,100.00","120,00",,,
JUG65467,MUÑECA BEAUTY TRENZA MC3,908794,JUGUETERIA,MUÑECA,,,PESOS,"3,784.00","120,00",,,
JUG577845,MUÑECA CHICAS URBANAS CON MASCOTA 200577 4*11,908776,JUGUETERIA,MUÑECA,,,PESOS,"3,307.20","120,00",,,
JU02370,MUÑECA CON ACCESORIOS FASHION GIRL 8861,908472,JUGUETERIA,MUÑECA,,,PESOS,"1,700.00","120,00",,,
JUG54657,MUÑECA FASHION DOLL 63415,908747,JUGUETERIA,MUÑECA,,,PESOS,896.00,"120,00",,,
J0000000000142,MUÑECA FASHION GIRL TY918,908343,JUGUETERIA,MUÑECA,,FASHION GIRL,PESOS,"1,312.00","120,00",,,
JUG8952,MUÑECA HADA MINI SD18976,908849,JUGUETERIA,MUÑECA,,,PESOS,"1,056.00","120,00",,,
JUG54906,MUÑECA LUCY POP CON ACCESORIOS 54906,908764,JUGUETERIA,MUÑECA,,,PESOS,"3,100.00","120,00",,,
JUG87882,MUÑECA MINI CON VALIJA SUITCASE SD20217,908841,JUGUETERIA,MUÑECA,,,PESOS,"9,700.00","120,00",,,
JUG0002,MUÑECA SIRENA A CUERDA SD22775,908490,JUGUETERIA,MUÑECA,,,PESOS,"4,050.00","120,00",,,
JUGA769,MUÑECA TINY FASHION FANTASY 53397,7450077055657,JUGUETERIA,MUÑECA,,,PESOS,"6,795.00","120,00",,,
JUG400003,MUÑECA TINY FANTASY 53468 VIAJERA,908653,JUGUETERIA,MUÑECA,,TINY,PESOS,"7,825.90","120,00",,,
J0000000000141,MUÑECA TINY FANTASY 53389 60389,908342,JUGUETERIA,MUÑECA,REX,TINY,PESOS,"7,600.00","120,00",,,
JUG4545654,MUÑECA MINI LUCY POP HADA 55652,47153077239789,JUGUETERIA,MUÑECA,REX,TINY,PESOS,"2,864.00","120,00",,,
JUG0215,MUÑECA TINY VERANO BUCEO 54454,7450077067377,JUGUETERIA,MUÑECA,REX,TINY,PESOS,"6,500.00","120,00",,,
JU02373,MUÑECO BOMBERO QL888-17,754240154763,JUGUETERIA,MUÑECO,,,PESOS,"4,556.00","120,00",,,
J0000000000168,MUÑECO JARDINERO QL888-77 6978,6920241009355,JUGUETERIA,MUÑECO,,SIN MARCA,PESOS,"4,248.00","120,00",,,
J0000000000169,MUÑECO POP,908362,JUGUETERIA,MUÑECO,,POP,PESOS,"2,880.00","120,00",,,
J0000000000046,MUÑECO TIPO LEGO CON ACCESORIOS 318404 14*11,908252,JUGUETERIA,MUÑECO,,SIN MARCA,PESOS,"3,360.00","120,00",,,
JUG4547,MUÑECA TINY FASHION FANTASY 53479,7453077234237,JUGUETERIA,MUÑECA,,,PESOS,"7,405.00","120,00",,,
J0000000000058,MUÑECA TINY X 2 FASHION FANTASY C/ ACCESORIOS 53517,7450077136530,JUGUETERIA,MUÑECA,REX,TINY,PESOS,"11,455.00","120,00",,,
J0000000000026,NUEVO JUEGO DE LA OCA DE LUDOMATIK,908233,JUGUETERIA,JUEGOS DE MESA,,LUDOMATIC,PESOS,"1,088.00","120,00",,,
J0000000000015,NUMEROS – ART 401 IMPLAS,908222,JUGUETERIA,DIDACTICOS,,IMPLAS,PESOS,"8,240.00","120,00",,,
JUG316106,ORUGA A CUERDA SD20646,908613,JUGUETERIA,JUGUETES BEBES,,,PESOS,"2,400.00","120,00",,,
JUG456614,OSITO DE PELUCHE CON CORAZON METALIZADO 1648,908691,JUGUETERIA,PELUCHE,,,PESOS,"3,200.00","120,00",,,
J0000000000211,PALABRAS CRUZADAS RAPIDAMENTE,908402,JUGUETERIA,JUEGOS DE MESA,,,PESOS,"2,240.00","120,00",,,
VB ,PALETA PERSONAJE CON PELOTA PING PONG,908829,JUGUETERIA,DEPORTES,,,PESOS,"2,100.00","120,00",,,
J0000000000200,PALETA PING PONG CON RED,908392,JUGUETERIA,DEPORTES,,,PESOS,"2,800.00","120,00",,,
JUG2145455,PALETA PLAYERA DE PADDLE CHICHESS 600,908562,JUGUETERIA,DEPORTES,,,PESOS,"7,008.00","120,00",,,
JUG312320,PALOS DE BUCEO X 4 MI41,908607,JUGUETERIA,VERANO,,,PESOS,"7,630.00","120,00",,,
JUG2112000,PANDERETA X3 BABY TOYS HM40040 14*11,908558,JUGUETERIA,PANDERETA,,,PESOS,"4,000.00","120,00",,,
JUG800280,PARCHE DE REPARACION 62068,908832,JUGUETERIA,VERANO,,,PESOS,"2,350.00","120,00",,,
J0000000000178,PATINETA X1 CON ACCESORIOS EN BLISTER (METAL),908371,JUGUETERIA,DEPORTES,,,PESOS,"2,100.00","120,00",,,
J0000000000177,PATINETA X2 CON ACCESORIOS EN BLISTER (PLASTICO),908370,JUGUETERIA,DEPORTES,,,PESOS,"2,850.00","120,00",,,
JUG3959101,PATITO A FRICCION SD23272,7990500232724,JUGUETERIA,JUGUETES BEBES,,,PESOS,"5,100.00","120,00",,,
JUG395910,PATITO FRICCION SD23272,908647,JUGUETERIA,DIDACTICO,,,PESOS,"5,100.00","120,00",,,
J0000000000196,PELOTA ANTI STRESS,908388,JUGUETERIA,DEPORTES,,,PESOS,"1,005.00","120,00",,,
JUG4500,PELOTA DE BASKET BASQUET Nº7,908672,JUGUETERIA,DEPORTES,,,PESOS,"13,501.00","120,00",,,
JU931074,PELOTA DE BASKET BASQUET N°5 ,908486,JUGUETERIA,PELOTAS,,,PESOS,"9,550.00","120,00",,,
JUG282017,PELOTA DE BASKET BASQUET Nº3 79603,908580,JUGUETERIA,DEPORTES,,,PESOS,"10,720.00","120,00",,,
JUG541,PELOTA DE FUTBOL GRANDE Nº5 ,908717,JUGUETERIA,DEPORTES,,,PESOS,"13,600.00","120,00",,,
205570,PELOTA DE FUTBOL POTENTE PU,2010563000001,JUGUETERIA,DEPORTES,,,PESOS,"27,000.00","120,00",,,
J0000000000201,PELOTA DE GOMA MARMOLADA,908393,JUGUETERIA,DEPORTES,,,PESOS,"1,390.00","120,00",,,
J0000000000206,PELOTA DE PELOTERO N1,908397,JUGUETERIA,DEPORTES,,,PESOS,185.00,"120,00",,,
J0000000000207,PELOTA DE PELOTERO N2,908398,JUGUETERIA,DEPORTES,,,PESOS,215.00,"120,00",,,
J0000000000209,PELOTA DE PING PONG BLISTER X 6,908400,JUGUETERIA,DEPORTES,,,PESOS,"2,855.00","120,00",,,
J0000000000208,PELOTA DE PING PONG X UNIDAD,908399,JUGUETERIA,DEPORTES,,,PESOS,500.00,"120,00",,,
J0000000000210,PELOTA DE TENIS PENN *29/12/23,908401,JUGUETERIA,DEPORTES,,,PESOS,"1,150.00","120,00",,,
JU9310741,PELOTA DE VOLEY ANTONINI MIKASA,908487,JUGUETERIA,PELOTAS,,,PESOS,"16,200.00","120,00",,,
J0000000000205,PELOTA MACIZA ANTI STRESS,908396,JUGUETERIA,DEPORTES,,,PESOS,0.00,"120,00",,,
JUG1200,PELOTA RAYADA GOMA CHICA Nº 4,908525,JUGUETERIA,DEPORTES,,,PESOS,857.60,"120,00",,,
JUG4575,PELOTA RAYADA GOMA ROJA Y BLANCA Nº 5,908696,JUGUETERIA,DEPORTES,,,PESOS,"1,222.40","120,00",,,
JUG154,PELOTA SQUISHY CON BRILLOS Y RED JELLY BALLS,908541,JUGUETERIA,DEPORTES,,,PESOS,640.00,"120,00",,,
JUG54888788,PELOTA VOLEY BRAZOS FD16270 FD16265 QD300 G63-017B,908763,JUGUETERIA,PELOTAS,,,PESOS,"6,950.00","120,00",,,
477785559,PELUCHE ANIMAL CON CORAZON TS,907793,JUGUETERIA,PELUCHE,,,PESOS,"7,890.00","120,00",,,
44555F8888,PELUCHE ANIMAL CON DISFRAZ Y CORAZON,907776,JUGUETERIA,PELUCHE,,,PESOS,"7,950.00","120,00",,,
52222895555,PELUCHE CORAZON WOODY TOYS WT2106 840987,907810,JUGUETERIA,PELUCHE,,,PESOS,"8,490.00","120,00",,,
J0000000000160,PELUCHE ESTRELLA 66565,908356,JUGUETERIA,PELUCHE,,SIN MARCA,PESOS,"1,600.00","120,00",,,
190500000127,PELUCHE LABUBU BT-6013,900703,JUGUETERIA,PELUCHE,,,PESOS,"8,700.00","120,00",,,
303321,PELUCHE PHI PHI TOYS LECHUZA 8210,907725,JUGUETERIA,PELUCHE,,PHI PHI TOYS,PESOS,"8,200.00","120,00",,,
J0000000000165,PELUCHE WINNIE POOH / STITCH / SONIC,908358,JUGUETERIA,PELUCHE,,SIN MARCA,PESOS,"6,900.00","120,00",,,
J0000000000163,PELUCHES PERSONAJES,908357,JUGUETERIA,PELUCHE,,SIN MARCA,PESOS,"6,720.00","120,00",,,
JUG101294,PERINOLA X UNIDAD,908510,JUGUETERIA,JUEGOS DE MESA,,,PESOS,584.00,"120,00",,,
J0000000000225,CHIFLE ANIMALITO ANIMAL BOLSA CHICO GATO DINO,908416,JUGUETERIA,CHIFLE,,,PESOS,720.00,"120,00",,,
J0000000000081,PEZ WIND UP SWIMMING,908283,JUGUETERIA,PEZ,,CALPRO,PESOS,576.00,"120,00",,,
JUG5440,PICO PELOTA FUTBOL COMUN,908722,JUGUETERIA,DEPORTES,,,PESOS,985.00,"120,00",,,
J0000000000051,PICTIONARY PE,908255,JUGUETERIA,JUEGOS DE MESA,,PE,PESOS,584.00,"120,00",,,
JUG8795552,PILETA INFLABLE BESTWAY 51061,908846,JUGUETERIA,VERANO,,BESTWAY,PESOS,"5,390.00","120,00",,,
JUG304544,PINBALL SD23463,908586,JUGUETERIA,JUEGOS DE MESA,,,PESOS,"5,750.00","120,00",,,
JUG578710,PING PONG CON RED 223 RUI FENG,908779,JUGUETERIA,DEPORTES,,,PESOS,"3,280.00","120,00",,,
JUG544562,PINTURITA MAQUILLAJE TINY ARCOIRIS 3025,908728,JUGUETERIA,MAQUILLAJE NENA,,,PESOS,"3,795.00","120,00",,,
J0000000000185,PINTURITA PINK MAGIC CON ACCESORIOS 740642,908377,JUGUETERIA,MAQUILLAJE NENA,,,PESOS,"1,280.00","120,00",,,
JUG1587955,PINTURITA TINY 3290,7450077099255,JUGUETERIA,PINTURITA,,TINY,PESOS,"2,331.00","120,00",,,
JUG1133,PINTURITA TINY 3304,908524,JUGUETERIA,MAQUILLAJE NENA,,,PESOS,"1,105.00","120,00",,,
JUG212112,PINTURITA TINY BEAUTY 57161 3139,908559,JUGUETERIA,MAQUILLAJE NENA,,,PESOS,"1,200.00","120,00",,,
JUG6555600,PINTURITA TINY 3282,7450077142432,JUGUETERIA,MAQUILLAJE NENA,,,PESOS,"2,671.00","120,00",,,
JUG554546,PINTURITA TINY CARTERITA 3017,7453077210811,JUGUETERIA,MAQUILLAJE NENA,,,PESOS,"4,552.00","120,00",,,
JUG8768,PINTURITA TINY 3202,7453077204247,JUGUETERIA,MAQUILLAJE NENA,,,PESOS,"1,740.00","120,00",,,
JUG2145450,PINTURITA MAQUILLAJE TINY 75881 3311,7453105018259,JUGUETERIA,MAQUILLAJE NENA,,,PESOS,"8,850.00","120,00",,,
JUG487,PINTURITA TINY SET MAQUILLAJE 3221,908704,JUGUETERIA,MAQUILLAJE NENA,,,PESOS,"3,080.00","120,00",,,
J0000000000183,PINTURITAS BLISTER CH. FASHION GIRL,908376,JUGUETERIA,MAQUILLAJE NENA,,,PESOS,800.00,"120,00",,,
JUG306362,PISTA AUTO BL7614,908593,JUGUETERIA,AUTO,,,PESOS,"9,200.00","120,00",,,
J0000000000086,PISTA AUTO CONTROL HM884389,908288,JUGUETERIA,VEHICULOS,,,PESOS,"14,060.00","120,00",30932,,
JUG318811,PISTA AUTO NL3515-235 / SDD016,908617,JUGUETERIA,AUTO,,,PESOS,"9,300.00","120,00",,,
JUG311578,PISTA AUTO NL8075-8078 / Y24-1,908605,JUGUETERIA,AUTO,,,PESOS,"9,010.00","120,00",,,
JUG5487,PISTOLA AIR BLASTER SUPER GUN 16836,908759,JUGUETERIA,ARMAS,,,PESOS,"2,272.00","120,00",,,
J0000000000194,PISTOLA BURBUJERO CHT6615B35,908386,JUGUETERIA,ARMAS,,,PESOS,"6,224.00","120,00",,,
7453077221756,PISTOLA BASE-X SPLASH 60244 8512,908629,JUGUETERIA,VERANO,,,PESOS,"1,350.00","120,00",,,
JUG301213,PISTOLA DE AGUA BL 7132,908582,JUGUETERIA,VERANO,,,PESOS,"1,990.00","120,00",,,
JUG8789788,PISTOLA DE AGUA BOLSA 22395,908842,JUGUETERIA,ARMAS,,,PESOS,"1,816.00","120,00",,,
JUG8978555,PISTOLA DE AGUA BOLSA 61684,908852,JUGUETERIA,ARMAS,,,PESOS,"1,088.00","120,00",,,
JUG412440,PISTOLA DE AGUA BOLSA SD1229,908660,JUGUETERIA,VERANO,,,PESOS,"3,405.00","120,00",,,
JUG705022,PISTOLA DE AGUA M-528,908809,JUGUETERIA,VERANO,,,PESOS,920.00,"120,00",,,
JUG412399,PISTOLA DE AGUA SD22419,908659,JUGUETERIA,VERANO,,,PESOS,"2,200.00","120,00",,,
J0000000000255,PISTOLA LANZA BOLAS SHOOTER 60708,908446,JUGUETERIA,ARMAS,,,PESOS,648.00,"120,00",,,
JUG.22000,PISTOLA LANZA DARDOS COMBAT 18196,7990500181961,JUGUETERIA,ARMAS,,,PESOS,"1,550.00","120,00",,,
JUG9510,PISTOLA LANZA PELOTA SHOOT GUN CON PATITOS 60999,908856,JUGUETERIA,ARMAS,,,PESOS,"1,200.00","120,00",,,
JUG5454645,PISTOLA LANZA PELOTAS 21177,908736,JUGUETERIA,ARMAS,,,PESOS,"2,368.00","120,00",,,
JUG5710,PISTOLA LANZA SHOOT GUN 61696,908774,JUGUETERIA,ARMAS,,,PESOS,"1,400.00","120,00",,,
J0000000000112,PIZARRA MAGICA 735814,7793437358143,JUGUETERIA,PIZARRA,,SIN MARCA,PESOS,"2,520.00","120,00",,,
KXL2014,PIZARRA MAGICA CASA KXL 2014 360155,908866,JUGUETERIA,PIZARRA,,,PESOS,"2,730.00","120,00",,,
JUG57800,PIZARRA MAGICA C/ SELLITOS 735810,7793437358105,JUGUETERIA,PIZARRA,,,PESOS,"1,713.00","120,00",,,
J00000458624,PIZARRA MAGICA ELEFANTE 735812,7793437358129,JUGUETERIA,PIZARRA,,,PESOS,"1,920.00","120,00",,,
JUG75878,PIZARRA MAGICA CASA C/RELOJ 735811,7793437358112,JUGUETERIA,PIZARRA,,,PESOS,"1,864.00","120,00",,,
J0000000000237,PIZARRA MAGICA ESTUCHE SD17620,908428,JUGUETERIA,PIZARRA,,,PESOS,"4,080.90","120,00",,,
JUG15478,PIZARRA PARA TIZA INFANTIL CHICA,908545,JUGUETERIA,PIZARRA,,,PESOS,"2,160.00","120,00",,,
JUG54009,PIZARRA PARA TIZA INFANTIL GRANDE,908716,JUGUETERIA,PIZARRA,,,PESOS,"4,000.00","120,00",,,
86586345,PIZARRA MAGICA DINOSAUR,7793437358150,JUGUETERIA,PIZARRA,,,PESOS,"2,519.00","120,00",,,
7792435005080,PLACHA DURAVIT MI PLANCHITA 508,908726,JUGUETERIA,PLACHA,REX,DURAVIT,PESOS,"2,468.00","120,00",,,
JUG3606086,PLATAFORMA DIDACTICA JNG MULTIFORMA 12532 / MULTIBLOKAS 12530,7798043501327,JUGUETERIA,DIDACTICOS,,,PESOS,"16,500.00","120,00",36300,,
JUG311417,UNICORNIO X 4 FD647 ,9876872685833,JUGUETERIA,PONY,,,PESOS,"17,624.00","120,00",,,
JUG54210,PONY CON ACCESORIOS 371245 / L-16-11,908720,JUGUETERIA,PONY,,,PESOS,"3,700.00","120,00",,,
J0000000000101,PONY CON ACCESORIOS EN BLISTER 53151,908303,JUGUETERIA,PONY,,,PESOS,"2,390.00","120,00",,,
JUG306376,PONY HAPPY CON BAÑERA BL L-34-7,908594,JUGUETERIA,PONY,,,PESOS,"3,550.00","120,00",,,
JUG322076,PONY MY HAPPY HORSE X 2 L-18-2,9874523686888,JUGUETERIA,PONY,REX,FAYDI,PESOS,"6,700.00","120,00",,,
JUG54500,PONY LOVELY HORSE C/ ACCESORIOS 54354,7450077086217,JUGUETERIA,PONY,,,PESOS,"4,285.00","120,00",,,
JUG307403,POOL BL FD252011,908598,JUGUETERIA,JUEGOS DE MESA,,,PESOS,"3,680.00","120,00",,,
01GR228,POP IT POPIT,900420,JUGUETERIA,POP,,,PESOS,650.00,"120,00",,,
JUG3000984,PUCHING BAG INFLABLE 52152 / DINOSAURIO 52287,908581,JUGUETERIA,DEPORTES,,,PESOS,"6,970.00","120,00",,,
JUG 360058,PUZZLE MADERA ABC 54 PZAS 10305-003,908488,JUGUETERIA,ROMPECABEZAS,,,PESOS,"8,100.00","120,00",,,
J0000000000043,QUE HORA ES? HOLA GENIOS! JNG,908250,JUGUETERIA,JUEGOS DE MESA,,JNG,PESOS,"2,128.00","120,00",,,
J0000000000009,QUIEN SOY? MAGIKA JK-4553,7798130320664,JUGUETERIA,JUEGOS DE MESA,,MAGIKA,PESOS,"4,590.00","120,00",,,
J0000000000239,REGADERA BARBIE MARIPOSA,908430,JUGUETERIA,VERANO,,,PESOS,800.00,"120,00",,,
5520100419748,REPUESTO PARA PISTOLA LANZA SOPAPA X20 SHOOTING 693 - E03*24,908477,JUGUETERIA,ARMAS,,,PESOS,"1,900.00","120,00",,,
ME325,RESORTE IMPORTADO MULTICOLOR BRILLANTE FABIAN,909205,JUGUETERIA,RESORTE,,,PESOS,"2,000.00","120,00",,,
JUG4787,RESORTE MAGICO FLUO MINI,908701,JUGUETERIA,RESORTE,,,PESOS,192.00,"120,00",,,
JUG687854,RESORTE MAGICO GRANDE,908803,JUGUETERIA,RESORTE,,,PESOS,"1,350.00","120,00",,,
JUG54541,RESORTE MAGICO CON FORMA HM40209,5022840149478,JUGUETERIA,RESORTE,,,PESOS,"1,804.00","120,00",,,
JU02368,ROBOT TRANSFORMER 53978 - E03*24,908470,JUGUETERIA,ROBOT,,,PESOS,"1,390.00","120,00",,,
J0000000000076,ROLLING ARRASTRE ENCASTRE DIDACTICO Y CAMINADOR NEW PLAST 20137,908278,JUGUETERIA,DIDACTICO,,NEW PLAST,PESOS,"9,140.00","120,00",,,
LIB14445,ROMPECABEZA,909066,JUGUETERIA,ROMPECABEZAS,,,PESOS,"2,350.00","120,00",,,
JUG44111,JUEGO DE MESA BONTUS ROMPECABEZAS / GRANJA / DETECTIVE DE ANIMALES,908666,JUGUETERIA,ROMPECABEZAS,REX,BONTUS,PESOS,"2,454.00","120,00",,,
J0000000000036,ROMPECABEZAS 100 PIEZAS YUYU,908243,JUGUETERIA,ROMPECABEZAS,,YUYU,PESOS,"1,088.00","120,00",,,
J0000000000035,ROMPECABEZAS 1000 PIEZAS ARCHITECTURE ART A016,908242,JUGUETERIA,ROMPECABEZAS,,PIP GAMES,PESOS,"2,720.00","120,00",,,
JUG9872,ROMPECABEZAS DURAVIT 24 PIEZAS (GRANDE) VARIOS MODELOS,908860,JUGUETERIA,ROMPECABEZAS,REX,DURAVIT,PESOS,"2,750.00","120,00",,,
294001348,ROMPECABEZAS EM CHICO 0753-10,907279,JUGUETERIA,ROMPECABEZAS,,,PESOS,800.00,"120,00",,,
J0000000000039,ROMPECABEZAS EN MADERA 4 JUEGOS JIBUK 30*10,908246,JUGUETERIA,ROMPECABEZAS,,JIBUK,PESOS,"2,560.00","120,00",,,
J0000000000033,ROMPECABEZAS ENCASTRE CORDOBA / ARGENTINA,908240,JUGUETERIA,ROMPECABEZAS,,,PESOS,"3,750.00","120,00",,,
JUG545700,ROMPECABEZAS FD1000269 PUZZLE X 1000 PIEZAS BEER BOTTLE JIGSAW,908740,JUGUETERIA,ROMPECABEZAS,,,PESOS,"11,690.00","120,00",,,
J0000000000056,ROMPECABEZAS INFANTIL 26X16CM,780456874669,JUGUETERIA,ROMPECABEZAS,,INFANTIL,PESOS,"1,780.00","120,00",,,
JUG23154,ROMPECABEZAS MADERA X 2UN 15*15CM 4PZAS CON MARCO,7789122677392,JUGUETERIA,ROMPECABEZAS,,,PESOS,"2,250.00","120,00",,,
JUG35421,ROMPECABEZAS NUPRO CUBI  X 4,7798108223140,JUGUETERIA,ROMPECABEZAS,,,PESOS,"2,350.00","120,00",,,
JUG319278,ROMPECABEZAS PERSONAJE 50 PIEZAS,908624,JUGUETERIA,ROMPECABEZAS,,,PESOS,512.00,"120,00",,,
J0000000000006,"ROMPECABEZAS PERSONAJES 12 PIEZAS 22,5X20CM MINI BEAT POWER ROCKERS",780393122021,JUGUETERIA,ROMPECABEZAS,,SIN MARCA,PESOS,"1,100.00","120,00",,,
JUG4541032,ROMPECABEZAS PUZZLE 48 PIEZAS GATO GARABATO,908677,JUGUETERIA,ROMPECABEZAS,,,PESOS,"3,320.00","120,00",,,
JUG87841,ROMPECABEZAS SET X3 889139 ,7793532889139,JUGUETERIA,ROMPECABEZAS,,,PESOS,"1,200.00","120,00",,,
JUG312485,ROMPECABEZAS TOTOGAMES 48 Y 100 PIEZAS MASCOTAS 2338,908608,JUGUETERIA,ROMPECABEZAS,,,PESOS,"4,640.00","120,00",,,
JUG318573,ROPECABEZAS IMPLAS PUZZLE 510 PZS ART. 288,908615,JUGUETERIA,ROMPECABEZAS,,,PESOS,"14,900.00","120,00",,,
J0000000000029,RULETA DUBIMAX,7798160080149,JUGUETERIA,JUEGOS DE MESA,,DUBIMAX,PESOS,"3,200.00","120,00",,,
J0000000000049,RUMMY CANASTA GENERALA,908254,JUGUETERIA,JUEGOS DE MESA,,NUPRO,PESOS,640.00,"120,00",,,
JU52632148,"SALVAVIDA 36"" 36025",908482,JUGUETERIA,VERANO,,,PESOS,"4,230.00","120,00",,,
JU545896666,SALVAVIDA PASAPIE SWIM SAFE 32096,908483,JUGUETERIA,VERANO,,,PESOS,"5,049.00","120,00",,,
JU5898745,SALVAVIDA SUNCLUB 41087 RUEDA SWIM RING,908484,JUGUETERIA,VERANO,,,PESOS,"3,664.00","120,00",,,
J0000000000246,SARTEN CON COMIDA 61232 - 61277 - 61278,908437,JUGUETERIA,JUEGO DE COCINA,,,PESOS,"1,360.00","120,00",,,
JUG307541,SET ASTRONAUTA CAJA NL2020-4 / 13370,908601,JUGUETERIA,ASTRONAUTA,,,PESOS,"10,150.00","120,00",,,
JUG311108,SET ASTRONAUTA XY052 13373,908603,JUGUETERIA,ASTRONAUTA,,,PESOS,"7,500.00","120,00",,,
J0000000000126,SET AVION BA-01998,908328,JUGUETERIA,VEHICULOS,,GO SHOP,PESOS,"1,824.00","120,00",,,
J0000000000252,SET BEBE MAMADERAS CHUPETE Y PLATITO 4018,908443,JUGUETERIA,BEBES,,,PESOS,"2,500.00","120,00",,,
J0000000000261,BEAUTIFUL I LOVE FAMILY 8089,908452,JUGUETERIA,SET NENA,,,PESOS,"1,300.00","120,00",,,
J0000000000262,SET BELLEZA BEAUTIFUL ORNAMENTS 100950272,908453,JUGUETERIA,SET NENA,,,PESOS,960.00,"120,00",,,
J0000000000263,SET BELLEZA CON ZAPATOS JEWELRY BEAUTIFUL GIRLS 8054,908454,JUGUETERIA,SET NENA,,,PESOS,"1,600.00","120,00",,,
J0000000000260,SET BELLEZA NEW BEAUTY GIRL NT1046,908451,JUGUETERIA,SET NENA,,,PESOS,"1,424.00","120,00",,,
J0000000000114,SET BOMBERO CON ACCESORIOS RC022,908316,JUGUETERIA,SET NENE,,NEW POWER,PESOS,"2,400.00","120,00",,,
JUG546873,SET CANASTA COCINA 0224,7798172021451,JUGUETERIA,JUEGO DE COCINA,,,PESOS,"4,500.00","120,00",,,
JUG1300045,SET COCINA ALUMINIO 4 PIEZAS CIME MINI BATERIA 210 - 220,7798136902208,JUGUETERIA,COMIDAS,,,PESOS,"7,850.00","120,00",,,
JUG000254,SET COCINA COOKING 50647,908491,JUGUETERIA,JUEGO DE COCINA,,,PESOS,"2,384.00","120,00",,,
JUG546454,SET COCINA DURAVIT PEQUEÑA CHEF 614 OLLAS CON ANAFE,7792435006148,JUGUETERIA,JUEGO DE COCINA,REX,DURAVIT,PESOS,"7,218.00","120,00",,,
JUG225455,SET COCINA FOODIE GOODIES 8810,908568,JUGUETERIA,JUEGO DE COCINA,,,PESOS,"2,848.00","120,00",,,
JUG4544455,SET COCINA HAPPY CHEF 11780,4894653117804,JUGUETERIA,JUEGO DE COCINA,,,PESOS,"2,600.00","120,00",,,
JUG222225,SET COCINA KIT COMIDAS 0270,7798172021802,JUGUETERIA,JUEGO DE COCINA,,,PESOS,"2,448.00","120,00",,,
JUG00054544,SET COCINA KITCHEN SET 50659,7453077239966,JUGUETERIA,JUEGO DE COCINA,,,PESOS,"3,700.00","120,00",,,
JUG445487,SET COCINA KITCHEN PLAY SET HM918891,908669,JUGUETERIA,JUEGO DE COCINA,,,PESOS,"1,650.00","120,00",,,
JUG20005,SET COCINA KITCHEN SET 7577,7795820135447,JUGUETERIA,JUEGO DE COCINA,,,PESOS,"6,752.00","120,00",,,
JUG0254,"SET COCINA LOVE LIFE SD19058 NO,3384 3384",7990500190581,JUGUETERIA,JUEGO DE COCINA,,,PESOS,"2,200.00","120,00",,,
JUG77487,SET COCINA MY BEAUTY KITCHEN 52560,908823,JUGUETERIA,JUEGO DE COCINA,,,PESOS,"2,480.00","120,00",,,
JUG698996,SET COCINA PETIT GOURMET N111 - N313 - N119 REPOSTERIA ,7778005386377,JUGUETERIA,COMIDAS,,,PESOS,"3,350.00","120,00",,,
JUG45787,SET PETIT GOURMET ACCES. DE COC. Y VERDURAS N107,7798005381073,JUGUETERIA,JUEGO DE COCINA,,,PESOS,"2,800.00","120,00",,,
J0000000000258,SET COCINA SD19608,908449,JUGUETERIA,JUEGO DE COCINA,,,PESOS,"1,328.00","120,00",,,
9613,SET KITCHEN COOKING TOOLS Y TEA SET,7450077064123,JUGUETERIA,JUEGO DE COCINA,,,PESOS,"1,150.00","120,00",,,
JUG54165,SET DE BELLEZA BEUTY 52167,908719,JUGUETERIA,SET NENA,,,PESOS,"1,600.00","120,00",,,
JUG545,SET DE HERRAMIENTAS TOOLS 21874,908730,JUGUETERIA,JUEGO DE HERRAMIENTAS,,,PESOS,"3,200.00","120,00",,,
JUG000321,SET DE INSTRUMENTOS MUSICALES MUSIC 51063,908493,JUGUETERIA,INSTRUMENTOS,,,PESOS,"3,360.00","120,00",,,
J0000000000073,"SET DE LIMPIEZA (ESCOBA, PALO DE PISO Y PALA) DE PERSONAJES",908275,JUGUETERIA,SET DE LIMPIEZA,,SIN MARCA,PESOS,"2,100.00","120,00",,,
JUG482000,,908703,JUGUETERIA,SET NENA,,,PESOS,912.00,"120,00",,,
JUG215,SET DE UÑAS TINY FASHION 74345 53701 53797 ,7450077092737,JUGUETERIA,MAQUILLAJE NENA,,,PESOS,"5,000.00","120,00",,,
JUG58712,SET DOCTOR AMBULANCIA 538,908781,JUGUETERIA,JUEGO DE DOCTOR,,,PESOS,"1,600.00","120,00",,,
J0000000000242,SET DOCTOR LOVE CARE JH830 / HEALTH DOCTOR 8814,4894653115152,JUGUETERIA,JUEGO DE DOCTOR,,,PESOS,"1,600.00","120,00",,,
J0000000000243,SET DOCTOR MEDICAL APPLIANCE 60159,908434,JUGUETERIA,JUEGO DE DOCTOR,,,PESOS,"1,424.00","120,00",,,
J0000000000240,SET DOCTOR MEDICAL SET 395,908431,JUGUETERIA,JUEGO DE DOCTOR,,,PESOS,"1,728.00","120,00",,,
JUG47870,SET DOCTOR MY FAMILY DOCTOR 52031,908702,JUGUETERIA,JUEGO DE DOCTOR,,,PESOS,912.00,"120,00",,,
J0000000000241,SET DOCTOR PRINCESAS 60296 52331,908432,JUGUETERIA,JUEGO DE DOCTOR,,,PESOS,"2,350.00","120,00",,,
JUG784,SET DOCTOR SUIT BA-19555,908824,JUGUETERIA,JUEGO DE DOCTOR,,,PESOS,"2,112.00","120,00",,,
JUG305154,SET ELECTRODOMESTICOS TINY HOME 54532,"7450077137018,7450077089812,7453077247442",JUGUETERIA,JUEGO DE COCINA,,TINY,PESOS,"6,620.00","120,00",,,
J0000000000186,SET FUNNY HOME 3602 / 2050,908378,JUGUETERIA,SET,,FUNNY HOME,PESOS,912.00,"120,00",,,
JUG2000,SET HELADERIA KITCHEN 53574,908550,JUGUETERIA,JUEGO DE COCINA,,,PESOS,944.00,"120,00",,,
J0000000000111,SET HERRAMIENTAS 36778,908313,JUGUETERIA,JUEGO DE HERRAMIENTAS,,FUNTOYS,PESOS,"1,440.00","120,00",,,
J0000000000110,SET HERRAMIENTAS T81,908312,JUGUETERIA,JUEGO DE HERRAMIENTAS,,DXL,PESOS,"2,100.00","120,00",,,
JUG244411,SET MAMADERA MAGICA CON CHUPETE 13501,908573,JUGUETERIA,BEBES,,,PESOS,"2,500.00","120,00",,,
RE1258888944,SET MANICURA 17813,909491,JUGUETERIA,MAQUILLAJE NENA,,TRENDY,PESOS,"4,100.00","120,00",,,
J0000000000094,SET MILITAR 10 PIEZAS 01214,908296,JUGUETERIA,SET NENE,,GO SHOP,PESOS,"1,584.00","120,00",,,
J0000000000099,SET MILITAR 61076,908301,JUGUETERIA,SET NENE,,FUNTOYS,PESOS,"1,440.00","120,00",,,
JUG544100,SET MOSTACILLAS PARA PULSERAS 740902 / 740903,908724,JUGUETERIA,ARMA JOYAS,,,PESOS,"1,210.00","120,00",,,
J0000000000105,SET MUSICA 9122,908307,JUGUETERIA,INSTRUMENTOS,,GO SHOP,PESOS,"3,200.00","120,00",,,
JUG54213,SET NARUTO 2016,908721,JUGUETERIA,SET NENE,,,PESOS,"1,632.00","120,00",,,
J0000000000104,SET PANDERETAS X 2 SD25473 PARTY MUSIC,7990500254733,JUGUETERIA,INSTRUMENTOS,,,PESOS,"6,560.00","120,00",,,
JUG456481,SET PARA ARMAR BIJOU HELADO / UNICORNIO 20607 - 20602,908690,JUGUETERIA,ARMA JOYAS,,,PESOS,"1,440.00","120,00",,,
J0000000000135,SET PLANCHA MINI IRON 648-3,908337,JUGUETERIA,SET NENA,,LYON TOYS,PESOS,"2,880.00","120,00",,,
J0000000000102,SET POLICIA 60360,908304,JUGUETERIA,SET NENE,,BECHAR,PESOS,"2,112.00","120,00",,,
JUG6879,SET POLICIA CON DARDOS FORCE POLICE SD8964,908804,JUGUETERIA,SET NENE,,,PESOS,"1,440.00","120,00",,,
J0000000000093,SET POLICIA EN BLISTER 9006,908295,JUGUETERIA,SET NENE,,TOYZ,PESOS,"2,048.00","120,00",,,
JUG4156454,SET POLICIA MILITARY 53316 - 53355,908661,JUGUETERIA,SET NENE,,,PESOS,"2,464.00","120,00",,,
JUG10000,SET POLICIA POLICE 22680,908509,JUGUETERIA,SET NENE,,,PESOS,"1,200.00","120,00",,,
J0000000000188,SET PULSERA ANILLO Y ARITOS NENA,908380,JUGUETERIA,BIJOUTERIE NENA,,,PESOS,720.00,"120,00",,,
JUG6544,SET PULSERA DISNEY PRINCESA 74381 52890,908793,JUGUETERIA,BIJOUTERIE NENA,,,PESOS,"2,970.00","120,00",,,
JUG21354,SET PULSERA EN CAJA JFY-5009,908560,JUGUETERIA,BIJOUTERIE NENA,,,PESOS,"3,000.00","120,00",,,
JUG00054,SET PULSERA MARIPOSA BEADS,908494,JUGUETERIA,BIJOUTERIE NENA,,,PESOS,878.40,"120,00",,,
J0000000000189,SET PULSERAS NENA,908381,JUGUETERIA,BIJOUTERIE NENA,,,PESOS,720.00,"120,00",,,
JUG45466540,SET SNORKEL CON ANTIPARRA 709905,908682,JUGUETERIA,VERANO,,,PESOS,"4,800.00","120,00",,,
JUG54568,SET SNORKEL CON MASCARA BALANCE 709911,908739,JUGUETERIA,VERANO,,,PESOS,"5,424.00","120,00",,,
JUG2454561,MUÑECA TINY SIRENA 55032 FANTASY,7453105000773,JUGUETERIA,MUÑECA,,,PESOS,"8,705.00","120,00",,,
JUG245456,SIRENA CON LUZ MERMAID 50516,908575,JUGUETERIA,SIRENA,,,PESOS,"1,200.00","120,00",,,
JUG6695543,SLIME POWER DUO FLUO 150GR 3242,7795208032429,JUGUETERIA,DEPORTES,,,PESOS,"1,730.00","120,00",,,
JUG456653,SLIME EN BOTELLA POOP BICOLOR,908693,JUGUETERIA,SLIME,,,PESOS,"1,420.00","120,00",,,
JUG456651,SLIME EN FRASCO SM77,908692,JUGUETERIA,SLIME,,DYM,PESOS,"3,100.00","120,00",,,
JUG4100,SLIME TUBO DE ENSAYO 516251,7793435162513,JUGUETERIA,SLIME,,DYM,PESOS,"1,010.00","120,00",,,
516051,MASA FOAM 516300,5022840307663,JUGUETERIA,SLIME,,,PESOS,"1,945.00","120,00",,,
516092,SLIME GALAXI 516092,907808,JUGUETERIA,SLIME,,,PESOS,750.00,"120,00",,,
JUG5488,SLIME GUSANO CRYSTAL MUD / KITTY,908762,JUGUETERIA,SLIME,,,PESOS,960.00,"120,00",,,
J0000000000195,SLIME TUBO CON PATITA JK30029 SM05,908387,JUGUETERIA,SLIME,,DYM,PESOS,"2,800.00","120,00",,,
JUG3545,SOGA DE SALTAR TINY JUMP 70764 52281,908640,JUGUETERIA,SOGA,,,PESOS,"2,590.00","120,00",,,
J0000000000253,SOGA PARA SALTAR FD237434,908444,JUGUETERIA,SOGA,,,PESOS,"1,900.00","120,00",,,
J0000000000254,SOGA PARA SALTAR TINY 50614,7450077080994,JUGUETERIA,SOGA,,,PESOS,"2,500.00","120,00",,,
JUG306970,SOGA SALTAR SD8833,908597,JUGUETERIA,SOGA,,,PESOS,"2,210.00","120,00",,,
JUG4555587777,SOLDADITOS JUG.AR SET DE SOLDADITOS COMBATE 449 X30,7798121288133,JUGUETERIA,SET NENE,,,PESOS,"2,081.00","120,00",,,
S,SONAJERO EN BOLSA CONO BABY PUPPE ,7798138270084,JUGUETERIA,BEBE,,,PESOS,"1,350.00","120,00",,,
J0000000000222,SOLDADITOS INDIOS Y VAQUEROS,908413,JUGUETERIA,SOLDADITOS,,,PESOS,"1,250.00","120,00",,,
JUG6587,SONAJERO CON PALO COD. 51135,908801,JUGUETERIA,BEBE,,,PESOS,728.00,"120,00",,,
J0000000000224,SONAJERO BABY PUPEÉ COD. 015 ,908415,JUGUETERIA,BEBE,,,PESOS,"1,100.00","120,00",,,
J0000000000221,SONAJERO FEEGUS,104000000005,JUGUETERIA,BEBE,,,PESOS,"2,384.00","120,00",,,
J0000000000199,SONAJERO MORDILLO GUSANO 9120 103-0081 / MARIPOSA 9113 103-0079,908391,JUGUETERIA,BEBE,,,PESOS,"3,290.00","120,00",,,
J0000000000215,DURAVIT DIDACTICO PRIMERA INFANCIA MORDILLO DE LLAVES 670,7792435006704,JUGUETERIA,BEBE,REX,DURAVIT,PESOS,"1,571.00","120,00",,,
J0000000000228,SONAJERO PELOTA X 2 51133 60592,7450077087290,JUGUETERIA,BEBE,,,PESOS,"1,350.00","120,00",,,
58536,SONAJERO PULSERA 58536,907823,JUGUETERIA,BEBE,,,PESOS,"2,575.00","120,00",,,
J0000000000217,SONAJERO FLOR YURITI 100972433,6961009724332,JUGUETERIA,BEBE,,,PESOS,"2,100.00","120,00",,,
294001680,LOVE BEAUTIFUL LITTLE GIRL 60564 50451,907616,JUGUETERIA,,,,PESOS,"2,100.00","120,00",,,
JUG78871,BEBÉ CARIÑITO 507,908827,JUGUETERIA,BEBE,,,PESOS,"12,900.00","120,00",,,
JUG32154,SQUISHY ARAÑA JD9,908625,JUGUETERIA,SQUISHY,,DYM,PESOS,"1,550.00","120,00",,,
JUG5646,SQUISHY CAPIBARA / KUROMI / LABUBU,908769,JUGUETERIA,SQUISHY,,,PESOS,"2,900.00","120,00",,,
JUG465464,SQUISHY EN RED STITCH,908700,JUGUETERIA,SQUISHY,,,PESOS,"3,100.00","120,00",,,
J0000000000198,SQUISHY KAPIBARA / KUROMI CON LUZ,908390,JUGUETERIA,SQUISHY,,,PESOS,"2,500.00","120,00",,,
JUG9852,CHIFLE JIRAFA 5000,7798364130022,JUGUETERIA,BEBE,,,PESOS,"3,050.00","120,00",,,
J0000000000013,SUMAS Y RESTAS - ART 314 IMPLAS,908220,JUGUETERIA,DIDACTICOS,,IMPLAS,PESOS,"8,840.00","120,00",,,
JUG52577,SUPER MARIO EN BLISTER 3D WORLD 811,908712,JUGUETERIA,MUÑECO,,,PESOS,"3,200.00","120,00",,,
JUG547867,SUPERHEROES X5 UNIDADES 4202,908755,JUGUETERIA,MUÑECO,,,PESOS,"1,440.00","120,00",,,
JUG557100,"TABLET INFANTIL 8,5""",908768,JUGUETERIA,TABLET,,,PESOS,"3,150.00","120,00",,,
J0000000000087,TANGRAM MADERA 15 X 15 CM ROMPECABEZAS CHINO PASA NARANJA,908289,JUGUETERIA,TANGRAM,,,PESOS,"1,850.00","120,00",,,
JUG5485468,TETRIS BAI BIAN 9999,908758,JUGUETERIA,TETRIS,,,PESOS,"3,888.00","120,00",,,
J0000000000245,TIRO AL BLANCO CON ABROJO 52103,908436,JUGUETERIA,DEPORTES,,,PESOS,"1,380.00","120,00",,,
J0000000000149,DIDACTICO PRIMERA INFANCIA TORRE MINI 658 DURAVIT,7792435006582,JUGUETERIA,DIDACTICOS,REX,DURAVIT,PESOS,"2,510.00","120,00",,,5522
J0000000000150,TORRE APILABLE NEW PLAST 10220,2929325250137,JUGUETERIA,DIDACTICOS,,NEW PLAST,PESOS,"2,200.00","120,00",,,
JUG397344,TORRE HIPOPOTAMO JP0268,7898632810608,JUGUETERIA,DIDACTICO,,,PESOS,"6,583.00",120.00,,,
JUG200001,TORTA FUNNY FOOD 50637,908551,JUGUETERIA,JUEGO DE COCINA,,,PESOS,"1,536.00","120,00",,,
J0000000000124,TRACTOR RODAR 008,7798121287808,JUGUETERIA,VEHICULOS,,,PESOS,"1,430.00","120,00",,,
JUG5871,TRACTOR C/ACOPLADO A FRICCION FARMER TRUCK 50187 / COUNTRY FARM 50189,7450077096155,JUGUETERIA,VEHICULOS,,,PESOS,"4,250.00","120,00",,,
J0000000000125,TRACTOR CON PALA 1028 RC007,908327,JUGUETERIA,VEHICULOS,,BLOWER,PESOS,"2,112.00","120,00",,,
J0000000000174,TRANSFORMER EN BLISTER 4037-1 4037,9876872686083,JUGUETERIA,ROBOT,,,PESOS,"11,400.00","120,00",,,
J0000000000080,TREN LOCOMOTORA ANIMADA CALESITA 733,7898179822584,JUGUETERIA,VEHICULOS,,CALESITA,PESOS,"8,071.00","120,00",,,
J0000000000113,TRENCITO 70 JUGAR,908315,JUGUETERIA,VEHICULOS,,,PESOS,"3,020.00","120,00",,,
JUG305308,TRENZADOR TINY CON ACCESORIOS 53877,908590,JUGUETERIA,TRENZADOR,,TINY,PESOS,"11,940.00","120,00",,,
JUG4441000,TROMPO CON LANZADOR STORM GYRO HM40155 738400,5022849962450,JUGUETERIA,TROMPO,,,PESOS,"2,220.00","120,00",,,
JUG02457,LANZADOR BL SD13546,7990500135469,JUGUETERIA,TROMPO,,,PESOS,"4,960.00","120,00",,,
JUG22220,TROMPO CON LUZ GYROSCOPE 0960,908565,JUGUETERIA,TROMPO,,,PESOS,928.00,"120,00",,,
RE156223,UNO / DOS / TRES / PICTIONARY / SCRABBLE,909495,JUGUETERIA,JUEGOS DE MESA,,,PESOS,"1,500.00","120,00",,,
JUG304555,VALIJA JULIANA MAKE UP UNICORN PLATINUM 117,908588,JUGUETERIA,VALIJA,,,PESOS,"13,600.00","120,00",29920,,
JUG54687,VALIJITA CON MASAS 000228,908749,JUGUETERIA,VALIJA,,,PESOS,"1,120.00","120,00",,,
J0000000000256,VARITA CON LUZ Y SONIDO SD19485,7990500198457,JUGUETERIA,VARITA,,,PESOS,"7,372.00","120,00",,,
J0000000000257,VARITA MAGICA CON LUZ Y SONIDO PRINCESA 54282 / ESTRELLA 50595,7453077203677,JUGUETERIA,VARITA,,,PESOS,"5,000.00","120,00",,,
JUG520,VARITA PHIPHITOYS UNICORNIO 9600,908710,JUGUETERIA,VARITA,,,PESOS,"3,900.00","120,00",,,
2022010101186,VOLANTE CON SONIDO PARA BEBE,908418,JUGUETERIA,VOLANTE,,,PESOS,"1,200.00","120,00",,,
J0000000000152,XILOFON CHICO BOLSA FD92843,9280501678866,JUGUETERIA,INSTRUMENTOS,,,PESOS,"6,200.00","120,00",,,
J0000000000106,XILOFON BA-19138 ,4894457191383,JUGUETERIA,INSTRUMENTOS,,GO SHOP,PESOS,"4,120.00","120,00",,,
JUG9120,CARIÑITO BEBÉ 7794576009170,908855,JUGUETERIA,MUÑECO,,,PESOS,"10,700.00","120,00",,,
JUG32233,XILOFON X2 VOCAL PIANO HM948602,5022849486024,JUGUETERIA,INSTRUMENTOS,,,PESOS,"5,600.00","120,00",,,
J0000000000017,YA SE CONTAR – ART 250 IMPLAS,908224,JUGUETERIA,DIDACTICOS,,IMPLAS,PESOS,"8,500.00","120,00",,,
J0000000000011,YA SE LEER- ART 240 IMPLAS,908218,JUGUETERIA,DIDACTICOS,,IMPLAS,PESOS,"8,080.00","120,00",,,
JUG4210,XILOFON BOLSA SD19415,908664,JUGUETERIA,INSTRUMENTOS,,,PESOS,"1,500.00","120,00",,,
JUG9887,YENGA EN BOLSA CHICO 303028,908863,JUGUETERIA,YENGA,,,PESOS,745.00,"120,00",,,
J0000000000070,YENGA MADERA MEDIANO,908272,JUGUETERIA,YENGA,,,PESOS,"3,630.00","120,00",,,
J0000000000069,YENGA MADERA TORRE APILABLE 45 PIEZAS EN CAJA,908271,JUGUETERIA,YENGA,,,PESOS,"2,990.00","120,00",,,
J0000000000071,YENGA SUPER GIGANTE,908273,JUGUETERIA,YENGA,,SIN MARCA,PESOS,"11,200.00","120,00",,,
JUG0250,YOYO BL HM40035,908506,JUGUETERIA,YOYO,,,PESOS,"1,457.00","120,00",,,
J0000000000193,YOYO COMUN CARITAS 5258005,908385,JUGUETERIA,YOYO,,,PESOS,720.00,"120,00",,,
190500002230,YOYO METAL HM40035 COLORPEN FABIAN,902982,JUGUETERIA,YOYO,,YOYO,PESOS,"2,000.00","120,00",,,
JUG89733,YOYO OJOS SALTONES CON LUZ (SILICONA),908851,JUGUETERIA,YOYO,,,PESOS,"1,890.00","120,00",,,
JUG454547,ZAPATOS BEAUTY FASHION GIRL 62894 50585,908680,JUGUETERIA,ZAPATOS,,,PESOS,"3,800.00","120,00",,,
JUG54757,ZOO MEMORIA ART. 048 / MEMORIA UNICORNIO DINOSAURIO YUYU 988 - 991,,JUGUETERIA,JUEGOS DE MESA,,,PESOS,"4,200.00","120,00",,,
JUG351123,ZUECO MINIPLAY BARBIE FANTASY 0221 / SCHOOL 0223,908637,JUGUETERIA,ZUECO,,,PESOS,"7,650.00","120,00",,,
,ARRASTRE COCODRILO BABY JACA,7898952421690,JUGUETERIA,DIDACTICOS,,BABY JACA,PESOS,"8,500.00","120,00",,,
,CAMION CISTERNA MEGAPRICE ART 114,7798104181147,JUGUETERIA,AUTO,,MEGAPRICE,PESOS,"6,900.00","120,00",,,
,SET MATE CARBURITO,,JUGUETERIA,JUEGO DE MATE,,,PESOS,"2,000.00","120,00",,,
,SET MATE DISNEY PRINCESS 319279,,JUGUETERIA,JUEGO DE MATE,,,PESOS,"2,000.00","120,00",,,
,SET MATE JUGUETES ,,JUGUETERIA,JUEGO DE MATE,,,PESOS,"1,300.00","120,00",,,
,SET MATE JUGUETES Y NOVEDADES,,JUGUETERIA,JUEGO DE MATE,,,PESOS,"1,200.00","120,00",,,
,PANDERETA  MARIPOSA,,JUGUETERIA,INSTRUMENTO,,,PESOS,"1,950.00","120,00",,,
,CHIFLE COCODRILO,7798364130596,JUGUETERIA,BEBE,,,PESOS,"2,750.00","120,00",,,
,ROMPECABEZA PUZZLE INK DROP 2 PUZZLE DE 4 PIEZAS,7798280737190,JUGUETERIA,ROMPECABEZA,,,PESOS,"1,500.00","120,00",,,
,ROMPECABEZAS PUZZLES DURAVIT X 4 (CHICO) VARIOS MODELOS,7792435000504,JUGUETERIA,ROMPECABEZA,REX,DURAVIT,PESOS,"2,644.00","120,00",,,
,ROMPECABEZA CUBI PUZZLES NUPRO GATITO / BRUJA-ZOMBIE X 4,7798108223140,JUGUETERIA,ROMPECABEZA,,NUPRO,PESOS,"2,350.00",120,,,
JUG54569,JUEGO DE PLAYA DURAVIT 538 BALDE MOLINO,,JUGUETERIA,VERANO,REX,DURAVIT,PESOS,"4,435.50",120.00,,,
JUG702,"JUEGO DE PLAYA DURAVIT 529 BALDE CON PALA, RASTRILLO Y CASTILLOS",,JUGUETERIA,VERANO,REX,DURAVIT,PESOS,"5,350.00",120.00,,,
JUG543,REGADERA DURAVIT 543 ,,JUGUETERIA,VERANO,REX,DURAVIT,PESOS,"2,230.00",120.00,,,
JUG322226,PISTOLA DE AGUA 42CM BOLSA 8195,,JUGUETERIA,VERANO,,,PESOS,,"120,04",,,
JUG1161,SET SNORKELL UT1522-222 WENFEI SWIM,,JUGUETERIA,VERANO,,,PESOS,"2,045.45","120,05",,,
JUG414255,PISTOLA DE AGUA MINI 414255,,JUGUETERIA,VERANO,,,PESOS,"1,136.36","120,06",,,
JUG003,PISTOLA DE AGUA REVOVLER TRANSPARENTEWG003,,JUGUETERIA,VERANO,,BLOWER,PESOS,"2,409.09","120,07",,,
JUG26032,SET BESTWAY PARA NATACION (TAPA NARIZ Y OIDOS) 26032,,JUGUETERIA,VERANO,REX,BESTWAY,PESOS,"1,909.09","120,08",,,
JUG709,"JUEGO DE PLAYA DURAVIT 522 BALDE, PALA Y RASTRILLO",,JUGUETERIA,VERANO,REX,DURAVIT,PESOS,"2,596.50",120.00,,,
JUG710,"JUEGO DE PLAYA DURAVIT 523 BALDE, COLADOR, PALA, RASTRILLO Y MOLDE",,JUGUETERIA,VERANO,REX,DURAVIT,PESOS,"3,158.50",120.00,,,
JUG711,"JUEGO DE PLAYA DURAVIT 528 BALDE, REGADERA, BARCO Y ACCESORIOS",,JUGUETERIA,VERANO,REX,DURAVIT,PESOS,"11,321.50",120.00,,,
JUG712,JUEGO DE PLAYA DURAVIT 564 BALDE CASTILLO CON PALA GRANDE,,JUGUETERIA,VERANO,REX,DURAVIT,PESOS,"3,845.00",120.00,,,
JUG713,JUEGO DE PLAYA DURAVIT 539 MOLINO,,JUGUETERIA,VERANO,REX,DURAVIT,PESOS,"2,690.00",120.00,,,
JUG714,"JUEGO DE PLAYA DURAVIT 560 BALDE, COLADOR, REGADERA, PALA Y RASTRILLO GRANDES",,JUGUETERIA,VERANO,REX,DURAVIT,PESOS,"7,105.50",120.00,,,
JUG715,"JUEGO DE PLAYA DURAVIT 544 BALDE, REGADERA, PALA Y RASTRILLO",,JUGUETERIA,VERANO,REX,DURAVIT,PESOS,"5,712.00",120.00,,,
JUG21080,ANTIPARRA BESTWAY +3 A 6 AÑOS (INFANTIL) 21080,,JUGUETERIA,VERANO,REX,BESTWAY,PESOS,"3,890.00",120.00,,,
JUG716,LLAVEROS DE GOMA X 1,,JUGUETERIA,LLAVEROS,FABIAN,,PESOS,"2,000.00",120.00,,,
JUG717,SQUISHY X 1,,JUGUETERIA,SQUISHY,FABIAN,,PESOS,"2,800.00",120.00,,,
JUG718,LEGOS CHICOS,,JUGUETERIA,LEGOS,FABIAN,,PESOS,"2,350.00",120.00,,,
JUG719,PELUCHE STICH CON PATO,,JUGUETERIA,PELUCHE,FABIAN,,PESOS,"8,000.00",120.00,17600,,
JUG720,DRONE E88 PRO,,JUGUETERIA,ACCESORIOS,INNOVA,,PESOS,"21,600.00",80.00,38880,,
JUG721,RELOJ INFANTIL,,JUGUETERIA ,RELOJES,FABIAN,,PESOS,"3,000.00",120.00,,,
JUG722,SET PULSERA ARMAR,,JUGUETERIA,PULSERAS,FABIAN,,PESOS,"6,000.00",120.00,,,
JUG723,PELUCHES LLAVEROS,,JUGUETERIA,PELUCHES,FABIAN,,PESOS,"4,300.00",120.00,,,
JUG724,FUTBOL GRANDE MUNDIAL,,JUGUETERIA,PELOTAS,FABIAN,,PESOS,"11,600.00",120.00,,,
JUG725,FUTBOL CHICO MUNDIAL,,JUGUETERIA,PELOTAS,FABIAN,,PESOS,"4,500.00",120.00,,,
JUG726,PELOTA INFLABLE,,JUGUETERIA,PELOTAS,FABIAN,,PESOS,"1,250.00",120.00,,,
JUG727,RESORTES,,JUGUETERIA,RESORTES,FABIAN,,PESOS,"1,700.00",120.00,,,
JUG728,CHOCKER INFANTIL,,JUGUETERIA,CHOCKER,FABIAN,,PESOS,"2,000.00",120.00,,,
JUG729,PELOTA ANTIESTRES,,JUGUETERIA,PELOTAS,FABIAN,,PESOS,"1,100.00",120.00,2420,,
JUG730,PELOTAS COLORES SALTARINAS,,JUGUETERIA,PELOTAS,FABIAN,,PESOS,"2,200.00",120.00,,,
306740,MUÑECA TINY FANTASY ROCK STAR 55227,,JUGUETERIA,MUÑECA,REX,TINY,PESOS,"7,825.90",,,,
306517,MUÑECA BUTTERFLY FAIRY HADA SD22628,,JUGUETERIA,MUÑECA,REX,,PESOS,"5,400.00",120.00,,,
306417,MUÑECA DEFA LUCY PATINETA SD22345,,JUGUETERIA,MUÑECA,REX,,PESOS,"7,021.00",,,,
306374,MUÑECA TINY FANTASY FASHION 54453 70557,,JUGUETERIA,MUÑECA,REX,TINY,PESOS,"4,074.00",,,,
306531,MUÑECA SIRENA MERMAID PRINCESS A769,,JUGUETERIA,MUÑECA,REX,,PESOS,"6,500.00",,,,
303701,MUÑECA TINY 53387 / 54452 CAJA,,JUGUETERIA,MUÑECA,REX,TINY,PESOS,"3,100.00",,,,
JUG731,SET PULSERA ARMAR,,,PULSERAS,,,PESOS,"4,045.45",120.00,8900,,
JUG732,JUGUETE DE TOPO,,,BEBE,SHEIN,,PESOS,"9,335.00",120.00,20537,,
JUG733,VOLANTE DE JUGUETE,,,BEBE,SHEIN,,PESOS,"21,723.00",120.00,47790.6,,
JUG734,LANZADOR DE DARDOS HOMBRE ARAÑA,,,LANZADOR,SHEIN,,PESOS,"5,000.00",120.00,11000,,
JUG735,MICROFONO KARAOKE,,,MICROFONO,SHEIN,,PESOS,"17,739.00",120.00,39025.8,,
JUG736,PERRO ROBOT,,,ROBOT,SHEIN,,PESOS,"9,387.00",120.00,20651.4,,
JUG737,LLAVES DE CONTROL REMOTO,,,BEBE,SHEIN,,PESOS,"6,375.00",120.00,14025,,
JUG738,MAQUINA DE DIAMANTES PARA EL PELO,,,NIÑA,SHEIN,,PESOS,"6,479.00",120.00,14253.8,,
JUG739,GARDEN BUILDING,,,NIÑA,SHEIN,,PESOS,"11,105.00",120.00,24431,,
JUG740,MAQUINA DE FIDEOS,,,NIÑA/NIÑO,SHEIN,,PESOS,"19,975.00",120.00,43945,,
JUG741,JUEGO DE LETRAS,,,JUEGO DE MESA,SHEIN,,PESOS,"20,038.00",120.00,44083.6,,
JUG742,CAMION DINOSAURIO,,,NIÑO,SHEIN,,PESOS,"24,566.00",120.00,54045.2,,
JUG743,LANZADOR DE COHETE,,,NIÑO,SHEIN,,PESOS,"8,488.00",120.00,18673.6,,
JUG744,TRANSFORMER DINOSAURIO,,,NIÑO,SHEIN,,PESOS,"6,165.00",120.00,13563,,
JUG745,AUTO TRANSFORMER,,,NIÑO,SHEIN,,PESOS,"5,270.00",120.00,11594,,
JUG746,AUTO A TRACCION,,,NIÑO,SHEIN,,PESOS,"3,054.00",120.00,6718.8,,
JUG747,AUTO CON GIRO POR INERCIA,,,NIÑO,SHEIN,,PESOS,"3,931.00",120.00,8648.2,,
JUG748,SET DE BEBES,,,NIÑA,SHEIN,,PESOS,"3,747.00",120.00,8243.4,,
JUG749,MINI ROMPIENDO EL HIELO,,,NIÑO,SHEIN,,PESOS,"2,909.00",120.00,6399.8,,
JUG750,AROS BUCEO 26009,,,VERANO,REX,,PESOS,"8,003.00",120.00,17606.6,,
JUG751,PUZZLE MAGNETIC ROD,,,JUEGO DE MESA,,,PESOS,"13,590.91",120.00,29900,,
JUG752,SET PULSERAS ARMAR GRANDE,,,PULSERAS,,,PESOS,"6,500.00",120.00,14300,,
JUG753,SQUISHY HAMBURGUESA,,,SQUISHY,WINNIE,,PESOS,"2,290.00",120.00,5038,,
JUG754,SQUISHY ASTRONAUTA EN CAJA,,,SQUISHY,WINNIE,,PESOS,"2,290.00",120.00,5038,,
JUG755,ESPUMA LOCA,,,ESPUMA LOCA,REX,,PESOS,"2,003.00",120.00,4406.6,,
JUG756,PELUCHE ANIMALES SOFA,,,PELUCHES,WINNIE,,PESOS,"27,959.00",120.00,61509.8,,
JUG757,PELOTA SALTARINA HUEVO 45CM,,,PELOTAS,WINNIE,,PESOS,"1,650.00",120.00,3630,,
JUG758,SLIME VOLCAN 523020,,,SLIME,REX,,PESOS,"1,006.90",120.00,2215.18,,
JUG759,SLIME POP BOTELLA 516243,,,SLIME,REX,,PESOS,"1,712.50",120.00,3767.5,,
JUG760,SLIME DIAMANTE CRYSTAL 523035,,,SLIME,REX,,PESOS,"2,014.90",120.00,4432.78,,
JUG761,LANZA AGUA DIVERTIDO 41 CM 8866,,,VERANO,REX,,PESOS,"6,522.50",120.00,14349.5,,
JUG762,PISTOLA AGUA SD 11656,,,VERANO,REX,,PESOS,"2,002.00",120.00,4404.4,,
JUG763,LANZA AGUA 8292,,,VERANO,REX,,PESOS,"2,122.00",120.00,4668.4,,
JUG764,JUEGO DE BALDE CON ACCESORIOS SAND TOYS,,,VERANO,WINNIE,,PESOS,"2,690.00",120.00,5918,,
JUG765,OSITO ROSA CON CORAZON,,,PELUCHE,WINNIE,,PESOS,"6,990.00",120.00,15378,,
JUG766,CAPIBARA CON CORAZON,,,PELUCHE,WINNIE,,PESOS,"10,998.00",120.00,24195.6,,
JUG767,ANIMALES CON CORAZON,,,PELUCHE,WINNIE,,PESOS,"8,850.00",120.00,19470,,
JUG768,JUEGO DE MESA UNO FLIP!,,,JUEGO DE MESA,,,PESOS,"1,185.00",120.00,2607,,
JUG769,MASA FOAM SMASH,,,MASA,WINNIE,,PESOS,"3,000.00",120.00,6600,,
JUG770,HOT WHEELS REPLICA,,,AUTO,MEGA,,PESOS,"3,990.00",120.00,8778,,
JUG771,FRIZZBY NINJA PLASTICO,,,FRIZZBY,FRIZZBY,,PESOS,599.00,120.00,1317.8,,
JUG772,CARTAS UNO NO MERCY,,,CARTAS,FABIAN,,PESOS,"2,000.00",120.00,4400,,
JUG773,PELUCHE STICH ROSA / CHIMUELO / SONIC / SNOOPY,,,PELUCHE,FABIAN,,PESOS,"8,600.00",120.00,18920,,
JUG774,PELUCHE KUROMI / MELODY,,,PELUCHE,FABIAN,,PESOS,"7,500.00",120.00,16500,,
JUG775,CARTAS POKEMON,,,CARTAS,FABIAN,,PESOS,"1,550.00",120.00,3410,,
JUG776,XILOFON DOLPHIN,,,INSTRUMENTOS,,,PESOS,"8,600.00",120.00,18920,,
,,,,,,,PESOS,,,0,,
,,,,,,,PESOS,,,0,,
,,,,,,,PESOS,,,0,,
,,,,,,,PESOS,,,0,,